Date,Open,High,Low,Close,Volume
2018-06-07 00:00:00.000000,7658.79000000,7663.00000000,7647.84000000,7658.82000000,34.99513200
2018-06-07 00:01:00.000000,7661.55000000,7668.00000000,7658.86000000,7661.03000000,11.96441100
2018-06-07 00:02:00.000000,7661.08000000,7670.00000000,7661.08000000,7668.00000000,7.39154400
2018-06-07 00:03:00.000000,7668.01000000,7673.97000000,7668.01000000,7672.04000000,33.19757300
2018-06-07 00:04:00.000000,7673.84000000,7673.97000000,7664.50000000,7665.04000000,17.53452700
2018-06-07 00:05:00.000000,7667.50000000,7669.98000000,7664.99000000,7669.65000000,23.11278300
2018-06-07 00:06:00.000000,7669.65000000,7673.97000000,7669.65000000,7673.92000000,30.81138800
2018-06-07 00:07:00.000000,7673.94000000,7673.97000000,7669.10000000,7672.06000000,35.12163800
2018-06-07 00:08:00.000000,7672.07000000,7673.74000000,7670.74000000,7671.99000000,22.56725300
2018-06-07 00:09:00.000000,7670.75000000,7673.70000000,7670.00000000,7671.05000000,28.59618100
2018-06-07 00:10:00.000000,7671.05000000,7672.05000000,7665.01000000,7669.91000000,21.04145400
2018-06-07 00:11:00.000000,7669.91000000,7669.91000000,7665.06000000,7668.99000000,9.12558400
2018-06-07 00:12:00.000000,7668.99000000,7669.00000000,7659.09000000,7665.75000000,15.88874400
2018-06-07 00:13:00.000000,7659.81000000,7665.58000000,7659.80000000,7662.99000000,23.21791100
2018-06-07 00:14:00.000000,7662.99000000,7666.99000000,7661.81000000,7666.99000000,20.09625900
2018-06-07 00:15:00.000000,7666.98000000,7667.00000000,7659.01000000,7666.97000000,6.10769700
2018-06-07 00:16:00.000000,7666.97000000,7666.98000000,7661.82000000,7666.80000000,3.81277600
2018-06-07 00:17:00.000000,7666.79000000,7666.80000000,7665.00000000,7666.01000000,9.30773000
2018-06-07 00:18:00.000000,7666.37000000,7666.73000000,7659.31000000,7665.95000000,9.64455400
2018-06-07 00:19:00.000000,7665.94000000,7666.00000000,7659.00000000,7659.05000000,3.99203300
2018-06-07 00:20:00.000000,7659.07000000,7665.95000000,7659.00000000,7665.93000000,11.88785400
2018-06-07 00:21:00.000000,7665.95000000,7668.99000000,7662.00000000,7666.01000000,34.83444500
2018-06-07 00:22:00.000000,7668.99000000,7676.00000000,7666.04000000,7673.92000000,12.08501400
2018-06-07 00:23:00.000000,7673.92000000,7690.00000000,7668.01000000,7685.71000000,34.71107900
2018-06-07 00:24:00.000000,7685.45000000,7690.00000000,7668.70000000,7680.98000000,38.60738700
2018-06-07 00:25:00.000000,7680.98000000,7680.98000000,7661.44000000,7671.04000000,27.19312100
2018-06-07 00:26:00.000000,7670.04000000,7671.05000000,7663.65000000,7670.19000000,25.99431500
2018-06-07 00:27:00.000000,7670.19000000,7671.04000000,7661.44000000,7670.13000000,18.20694300
2018-06-07 00:28:00.000000,7669.10000000,7671.04000000,7663.00000000,7670.20000000,22.49544600
2018-06-07 00:29:00.000000,7670.02000000,7671.04000000,7670.00000000,7670.02000000,5.68766400
2018-06-07 00:30:00.000000,7670.20000000,7671.05000000,7670.02000000,7671.00000000,6.41055000
2018-06-07 00:31:00.000000,7671.01000000,7675.31000000,7670.20000000,7670.20000000,12.03860600
2018-06-07 00:32:00.000000,7672.97000000,7675.27000000,7670.20000000,7674.71000000,16.58810700
2018-06-07 00:33:00.000000,7674.71000000,7679.00000000,7670.20000000,7675.25000000,24.32813600
2018-06-07 00:34:00.000000,7675.25000000,7681.98000000,7675.25000000,7681.00000000,12.70386500
2018-06-07 00:35:00.000000,7676.01000000,7684.80000000,7674.69000000,7680.00000000,22.27336200
2018-06-07 00:36:00.000000,7680.00000000,7684.00000000,7670.01000000,7675.25000000,24.26839900
2018-06-07 00:37:00.000000,7675.24000000,7680.96000000,7670.00000000,7675.84000000,13.35499000
2018-06-07 00:38:00.000000,7675.39000000,7679.96000000,7671.26000000,7675.39000000,5.48471500
2018-06-07 00:39:00.000000,7675.40000000,7678.14000000,7674.38000000,7675.86000000,4.12463100
2018-06-07 00:40:00.000000,7675.86000000,7678.00000000,7675.80000000,7675.81000000,6.73894600
2018-06-07 00:41:00.000000,7675.87000000,7684.99000000,7675.80000000,7676.10000000,11.14016400
2018-06-07 00:42:00.000000,7676.10000000,7685.37000000,7675.99000000,7685.16000000,22.21805600
2018-06-07 00:43:00.000000,7677.22000000,7684.67000000,7677.22000000,7684.67000000,5.11457100
2018-06-07 00:44:00.000000,7684.00000000,7687.79000000,7677.78000000,7684.00000000,8.29148500
2018-06-07 00:45:00.000000,7684.51000000,7687.80000000,7684.00000000,7684.02000000,37.79680000
2018-06-07 00:46:00.000000,7684.03000000,7690.52000000,7684.00000000,7689.76000000,24.65354500
2018-06-07 00:47:00.000000,7689.76000000,7691.39000000,7685.00000000,7688.46000000,3.25128600
2018-06-07 00:48:00.000000,7688.46000000,7691.39000000,7685.10000000,7689.15000000,5.11633600
2018-06-07 00:49:00.000000,7689.15000000,7692.19000000,7687.91000000,7691.85000000,13.61145100
2018-06-07 00:50:00.000000,7691.85000000,7693.04000000,7689.51000000,7689.51000000,22.99787500
2018-06-07 00:51:00.000000,7691.51000000,7693.26000000,7689.21000000,7690.36000000,13.98166500
2018-06-07 00:52:00.000000,7690.36000000,7693.40000000,7688.88000000,7688.94000000,12.82249400
2018-06-07 00:53:00.000000,7693.00000000,7694.55000000,7688.93000000,7694.55000000,15.90926400
2018-06-07 00:54:00.000000,7694.55000000,7697.50000000,7693.40000000,7697.12000000,9.58739000
2018-06-07 00:55:00.000000,7697.12000000,7707.81000000,7695.01000000,7702.00000000,126.20326500
2018-06-07 00:56:00.000000,7700.03000000,7705.00000000,7695.00000000,7702.75000000,15.30020600
2018-06-07 00:57:00.000000,7702.75000000,7729.00000000,7697.10000000,7726.79000000,84.50533700
2018-06-07 00:58:00.000000,7727.87000000,7731.71000000,7724.01000000,7727.00000000,41.56432800
2018-06-07 00:59:00.000000,7728.48000000,7731.72000000,7720.00000000,7720.00000000,31.18751500
2018-06-07 01:00:00.000000,7724.00000000,7724.00000000,7707.62000000,7713.76000000,20.83610600
2018-06-07 01:01:00.000000,7713.76000000,7714.00000000,7705.35000000,7706.25000000,29.62903000
2018-06-07 01:02:00.000000,7706.25000000,7717.61000000,7706.25000000,7711.56000000,16.21450700
2018-06-07 01:03:00.000000,7713.75000000,7726.68000000,7711.61000000,7725.00000000,44.07961900
2018-06-07 01:04:00.000000,7725.00000000,7732.14000000,7724.01000000,7726.00000000,44.86318400
2018-06-07 01:05:00.000000,7729.00000000,7733.00000000,7724.09000000,7729.00000000,44.71575000
2018-06-07 01:06:00.000000,7724.09000000,7730.67000000,7717.60000000,7727.00000000,36.19249100
2018-06-07 01:07:00.000000,7727.00000000,7735.36000000,7726.21000000,7730.70000000,43.74598900
2018-06-07 01:08:00.000000,7733.90000000,7734.97000000,7726.75000000,7726.75000000,33.51552600
2018-06-07 01:09:00.000000,7730.00000000,7740.20000000,7726.75000000,7739.21000000,25.96453600
2018-06-07 01:10:00.000000,7736.04000000,7750.00000000,7736.04000000,7746.10000000,53.67681900
2018-06-07 01:11:00.000000,7746.11000000,7750.00000000,7743.01000000,7749.93000000,24.50278300
2018-06-07 01:12:00.000000,7749.93000000,7759.43000000,7747.03000000,7752.35000000,35.65397200
2018-06-07 01:13:00.000000,7756.86000000,7765.00000000,7751.71000000,7752.70000000,71.55015100
2018-06-07 01:14:00.000000,7752.69000000,7752.69000000,7740.00000000,7744.38000000,32.46614500
2018-06-07 01:15:00.000000,7740.16000000,7745.07000000,7712.12000000,7718.57000000,63.98693600
2018-06-07 01:16:00.000000,7718.58000000,7725.40000000,7718.00000000,7718.01000000,12.05890200
2018-06-07 01:17:00.000000,7718.02000000,7724.00000000,7718.00000000,7722.99000000,16.18174300
2018-06-07 01:18:00.000000,7721.49000000,7730.00000000,7718.01000000,7728.44000000,11.15994200
2018-06-07 01:19:00.000000,7723.00000000,7728.44000000,7719.00000000,7725.00000000,12.54047300
2018-06-07 01:20:00.000000,7724.98000000,7732.77000000,7720.12000000,7732.74000000,24.17646500
2018-06-07 01:21:00.000000,7732.77000000,7736.24000000,7731.86000000,7733.04000000,10.88121300
2018-06-07 01:22:00.000000,7732.53000000,7746.99000000,7709.95000000,7743.00000000,39.37221700
2018-06-07 01:23:00.000000,7743.00000000,7743.00000000,7736.43000000,7740.50000000,9.82017200
2018-06-07 01:24:00.000000,7742.90000000,7743.00000000,7736.70000000,7738.48000000,18.17789200
2018-06-07 01:25:00.000000,7740.01000000,7740.98000000,7730.78000000,7733.01000000,9.86315900
2018-06-07 01:26:00.000000,7738.90000000,7740.20000000,7733.02000000,7733.75000000,5.36012000
2018-06-07 01:27:00.000000,7733.75000000,7740.99000000,7732.28000000,7739.18000000,13.08981500
2018-06-07 01:28:00.000000,7739.49000000,7740.00000000,7733.79000000,7735.18000000,6.03647300
2018-06-07 01:29:00.000000,7735.18000000,7739.94000000,7733.79000000,7739.44000000,9.75243300
2018-06-07 01:30:00.000000,7739.41000000,7740.00000000,7730.78000000,7731.05000000,17.23209600
2018-06-07 01:31:00.000000,7730.87000000,7735.11000000,7720.50000000,7720.50000000,49.59580600
2018-06-07 01:32:00.000000,7725.53000000,7729.81000000,7721.01000000,7721.99000000,10.36769100
2018-06-07 01:33:00.000000,7721.99000000,7728.45000000,7715.30000000,7723.88000000,13.92610800
2018-06-07 01:34:00.000000,7723.88000000,7727.16000000,7720.00000000,7720.52000000,7.35560000
2018-06-07 01:35:00.000000,7726.88000000,7729.71000000,7724.18000000,7729.69000000,12.28200000
2018-06-07 01:36:00.000000,7727.19000000,7729.00000000,7721.83000000,7725.00000000,14.65711800
2018-06-07 01:37:00.000000,7725.00000000,7726.99000000,7720.03000000,7725.00000000,6.32286800
2018-06-07 01:38:00.000000,7722.75000000,7725.00000000,7722.09000000,7722.14000000,4.22360200
2018-06-07 01:39:00.000000,7723.00000000,7724.98000000,7721.00000000,7722.14000000,11.46742800
2018-06-07 01:40:00.000000,7722.14000000,7723.00000000,7721.80000000,7722.98000000,15.94121600
2018-06-07 01:41:00.000000,7722.98000000,7725.00000000,7722.13000000,7725.00000000,17.05485300
2018-06-07 01:42:00.000000,7724.00000000,7729.00000000,7723.01000000,7728.13000000,10.11449400
2018-06-07 01:43:00.000000,7728.13000000,7729.00000000,7728.12000000,7728.13000000,11.00342800
2018-06-07 01:44:00.000000,7728.13000000,7729.79000000,7728.12000000,7728.30000000,14.30618800
2018-06-07 01:45:00.000000,7728.30000000,7728.39000000,7722.40000000,7726.00000000,7.69002200
2018-06-07 01:46:00.000000,7725.99000000,7726.00000000,7716.00000000,7722.49000000,7.41369500
2018-06-07 01:47:00.000000,7722.51000000,7722.52000000,7717.05000000,7717.14000000,6.06636000
2018-06-07 01:48:00.000000,7717.16000000,7720.00000000,7717.07000000,7719.99000000,12.98410400
2018-06-07 01:49:00.000000,7719.99000000,7720.96000000,7712.01000000,7720.00000000,9.83975800
2018-06-07 01:50:00.000000,7720.00000000,7720.96000000,7715.03000000,7720.96000000,11.35958400
2018-06-07 01:51:00.000000,7720.97000000,7723.11000000,7720.96000000,7720.97000000,4.75048800
2018-06-07 01:52:00.000000,7721.00000000,7723.24000000,7720.97000000,7723.02000000,6.64396500
2018-06-07 01:53:00.000000,7723.01000000,7728.00000000,7723.01000000,7728.00000000,13.17015200
2018-06-07 01:54:00.000000,7728.52000000,7729.81000000,7725.00000000,7725.00000000,11.10378000
2018-06-07 01:55:00.000000,7725.97000000,7726.94000000,7724.00000000,7724.01000000,4.51430900
2018-06-07 01:56:00.000000,7725.40000000,7726.93000000,7725.40000000,7725.40000000,11.64552300
2018-06-07 01:57:00.000000,7725.40000000,7725.42000000,7721.00000000,7725.30000000,21.76519300
2018-06-07 01:58:00.000000,7725.31000000,7725.43000000,7721.19000000,7725.01000000,20.53021900
2018-06-07 01:59:00.000000,7725.01000000,7730.00000000,7721.05000000,7727.81000000,21.79718900
2018-06-07 02:00:00.000000,7725.21000000,7730.00000000,7720.00000000,7722.99000000,31.39330400
2018-06-07 02:01:00.000000,7723.00000000,7730.00000000,7720.00000000,7723.26000000,19.91096300
2018-06-07 02:02:00.000000,7722.73000000,7731.90000000,7721.05000000,7721.12000000,8.01633800
2018-06-07 02:03:00.000000,7725.19000000,7732.83000000,7721.12000000,7725.00000000,14.56405300
2018-06-07 02:04:00.000000,7721.50000000,7727.79000000,7721.12000000,7722.09000000,5.44804000
2018-06-07 02:05:00.000000,7723.58000000,7729.92000000,7722.00000000,7728.41000000,6.30643000
2018-06-07 02:06:00.000000,7728.46000000,7733.13000000,7724.02000000,7733.13000000,17.81168800
2018-06-07 02:07:00.000000,7733.13000000,7740.00000000,7732.00000000,7735.99000000,43.90755400
2018-06-07 02:08:00.000000,7735.99000000,7740.00000000,7735.99000000,7738.00000000,31.74147800
2018-06-07 02:09:00.000000,7737.52000000,7745.00000000,7731.51000000,7731.55000000,55.90080800
2018-06-07 02:10:00.000000,7731.69000000,7742.63000000,7730.12000000,7738.81000000,27.59075300
2018-06-07 02:11:00.000000,7733.35000000,7738.81000000,7725.14000000,7728.97000000,18.44297200
2018-06-07 02:12:00.000000,7731.48000000,7734.99000000,7725.21000000,7733.95000000,3.14688700
2018-06-07 02:13:00.000000,7732.00000000,7732.00000000,7725.45000000,7729.00000000,6.53589000
2018-06-07 02:14:00.000000,7729.00000000,7731.91000000,7724.85000000,7731.90000000,19.01325900
2018-06-07 02:15:00.000000,7731.89000000,7733.96000000,7722.24000000,7729.98000000,18.89287400
2018-06-07 02:16:00.000000,7729.98000000,7733.92000000,7723.24000000,7733.92000000,3.94364000
2018-06-07 02:17:00.000000,7725.13000000,7733.92000000,7723.03000000,7730.00000000,16.43338700
2018-06-07 02:18:00.000000,7730.00000000,7742.64000000,7725.40000000,7739.10000000,13.56022400
2018-06-07 02:19:00.000000,7739.10000000,7750.00000000,7734.77000000,7741.51000000,25.63069800
2018-06-07 02:20:00.000000,7743.71000000,7758.00000000,7741.17000000,7755.00000000,49.28088500
2018-06-07 02:21:00.000000,7755.00000000,7757.88000000,7733.67000000,7742.40000000,56.58109300
2018-06-07 02:22:00.000000,7742.40000000,7742.40000000,7725.20000000,7741.00000000,34.14929300
2018-06-07 02:23:00.000000,7737.33000000,7737.33000000,7731.03000000,7731.35000000,29.76744800
2018-06-07 02:24:00.000000,7731.30000000,7732.51000000,7724.99000000,7729.87000000,13.68374600
2018-06-07 02:25:00.000000,7729.87000000,7741.78000000,7725.41000000,7728.50000000,17.57269300
2018-06-07 02:26:00.000000,7728.50000000,7728.51000000,7716.04000000,7723.73000000,27.02164200
2018-06-07 02:27:00.000000,7723.73000000,7729.38000000,7721.38000000,7723.73000000,17.15934500
2018-06-07 02:28:00.000000,7723.74000000,7732.35000000,7723.73000000,7724.01000000,9.19422700
2018-06-07 02:29:00.000000,7725.00000000,7730.00000000,7724.00000000,7724.02000000,20.34411000
2018-06-07 02:30:00.000000,7724.02000000,7729.72000000,7724.02000000,7729.65000000,3.18055400
2018-06-07 02:31:00.000000,7729.65000000,7729.80000000,7725.00000000,7727.10000000,7.63141800
2018-06-07 02:32:00.000000,7728.26000000,7732.72000000,7727.10000000,7728.01000000,7.52621200
2018-06-07 02:33:00.000000,7728.01000000,7732.52000000,7724.20000000,7730.00000000,10.31759300
2018-06-07 02:34:00.000000,7724.28000000,7729.99000000,7724.20000000,7724.20000000,6.52850000
2018-06-07 02:35:00.000000,7726.53000000,7727.75000000,7724.01000000,7726.61000000,4.58208700
2018-06-07 02:36:00.000000,7726.61000000,7727.75000000,7724.00000000,7726.28000000,4.37398400
2018-06-07 02:37:00.000000,7726.29000000,7729.98000000,7724.29000000,7724.34000000,5.37524000
2018-06-07 02:38:00.000000,7727.15000000,7729.97000000,7724.29000000,7728.00000000,6.84676500
2018-06-07 02:39:00.000000,7728.00000000,7728.00000000,7724.00000000,7724.51000000,15.87214500
2018-06-07 02:40:00.000000,7724.52000000,7724.52000000,7716.00000000,7721.00000000,39.53364700
2018-06-07 02:41:00.000000,7721.00000000,7722.12000000,7710.90000000,7718.96000000,24.09049500
2018-06-07 02:42:00.000000,7718.96000000,7718.96000000,7715.83000000,7718.79000000,10.76911900
2018-06-07 02:43:00.000000,7718.79000000,7730.00000000,7715.92000000,7722.00000000,15.84080800
2018-06-07 02:44:00.000000,7722.00000000,7730.00000000,7722.00000000,7730.00000000,13.01869500
2018-06-07 02:45:00.000000,7730.00000000,7732.46000000,7715.98000000,7732.00000000,28.00676400
2018-06-07 02:46:00.000000,7722.10000000,7731.97000000,7715.07000000,7719.97000000,16.21759900
2018-06-07 02:47:00.000000,7719.97000000,7720.00000000,7716.40000000,7719.79000000,20.78546500
2018-06-07 02:48:00.000000,7719.79000000,7719.99000000,7713.02000000,7717.08000000,6.62774100
2018-06-07 02:49:00.000000,7717.08000000,7719.73000000,7711.60000000,7719.73000000,8.18627100
2018-06-07 02:50:00.000000,7719.71000000,7719.73000000,7713.76000000,7713.85000000,14.80000800
2018-06-07 02:51:00.000000,7713.85000000,7715.99000000,7713.71000000,7715.00000000,12.79492900
2018-06-07 02:52:00.000000,7715.00000000,7717.00000000,7712.00000000,7717.00000000,13.69122500
2018-06-07 02:53:00.000000,7715.29000000,7717.16000000,7712.01000000,7714.41000000,22.06491100
2018-06-07 02:54:00.000000,7714.41000000,7714.41000000,7710.78000000,7712.00000000,4.83859800
2018-06-07 02:55:00.000000,7712.00000000,7712.01000000,7710.78000000,7710.86000000,3.87938200
2018-06-07 02:56:00.000000,7710.79000000,7714.99000000,7710.78000000,7714.99000000,9.40055800
2018-06-07 02:57:00.000000,7713.02000000,7715.00000000,7712.01000000,7713.00000000,7.00490200
2018-06-07 02:58:00.000000,7714.21000000,7714.23000000,7713.01000000,7714.14000000,11.92898000
2018-06-07 02:59:00.000000,7714.14000000,7714.21000000,7711.04000000,7711.04000000,7.43556300
2018-06-07 03:00:00.000000,7712.40000000,7715.01000000,7710.79000000,7714.00000000,14.51285000
2018-06-07 03:01:00.000000,7714.00000000,7718.99000000,7714.00000000,7718.99000000,21.71832700
2018-06-07 03:02:00.000000,7718.99000000,7719.71000000,7716.15000000,7719.71000000,17.28312000
2018-06-07 03:03:00.000000,7719.70000000,7721.73000000,7716.64000000,7721.01000000,15.73715800
2018-06-07 03:04:00.000000,7721.72000000,7721.72000000,7717.10000000,7719.01000000,26.77809700
2018-06-07 03:05:00.000000,7719.00000000,7719.01000000,7717.10000000,7717.11000000,33.24764100
2018-06-07 03:06:00.000000,7717.10000000,7719.01000000,7717.10000000,7719.01000000,10.70928400
2018-06-07 03:07:00.000000,7718.93000000,7720.00000000,7718.93000000,7720.00000000,16.26745100
2018-06-07 03:08:00.000000,7720.00000000,7723.00000000,7719.98000000,7722.01000000,18.34850400
2018-06-07 03:09:00.000000,7723.00000000,7725.00000000,7720.04000000,7722.09000000,11.54566300
2018-06-07 03:10:00.000000,7723.51000000,7726.70000000,7719.98000000,7725.01000000,6.50688200
2018-06-07 03:11:00.000000,7725.00000000,7725.38000000,7720.04000000,7725.02000000,13.16128300
2018-06-07 03:12:00.000000,7722.61000000,7728.02000000,7720.23000000,7723.02000000,7.88881000
2018-06-07 03:13:00.000000,7724.43000000,7728.02000000,7723.01000000,7724.00000000,5.67527300
2018-06-07 03:14:00.000000,7724.50000000,7728.02000000,7724.00000000,7727.95000000,4.07604900
2018-06-07 03:15:00.000000,7727.95000000,7728.02000000,7725.57000000,7725.61000000,7.56052300
2018-06-07 03:16:00.000000,7725.62000000,7728.02000000,7725.61000000,7727.98000000,21.07302800
2018-06-07 03:17:00.000000,7727.99000000,7728.02000000,7727.00000000,7727.00000000,36.68337300
2018-06-07 03:18:00.000000,7727.00000000,7727.99000000,7725.13000000,7727.96000000,39.18488300
2018-06-07 03:19:00.000000,7726.87000000,7728.51000000,7725.80000000,7726.01000000,30.79260900
2018-06-07 03:20:00.000000,7726.79000000,7729.21000000,7726.00000000,7726.80000000,14.01987000
2018-06-07 03:21:00.000000,7729.21000000,7729.21000000,7725.80000000,7725.80000000,25.18425600
2018-06-07 03:22:00.000000,7726.81000000,7726.81000000,7725.80000000,7725.83000000,14.45401700
2018-06-07 03:23:00.000000,7725.82000000,7725.83000000,7724.02000000,7724.92000000,40.21927000
2018-06-07 03:24:00.000000,7724.47000000,7728.97000000,7724.02000000,7726.81000000,19.64237000
2018-06-07 03:25:00.000000,7725.91000000,7728.93000000,7725.01000000,7725.03000000,13.91138300
2018-06-07 03:26:00.000000,7725.03000000,7725.84000000,7725.03000000,7725.84000000,21.99978800
2018-06-07 03:27:00.000000,7725.83000000,7728.00000000,7725.83000000,7727.99000000,19.50988700
2018-06-07 03:28:00.000000,7727.99000000,7729.21000000,7725.86000000,7729.21000000,9.67713200
2018-06-07 03:29:00.000000,7728.61000000,7731.15000000,7725.84000000,7731.15000000,11.45104000
2018-06-07 03:30:00.000000,7731.15000000,7737.99000000,7727.00000000,7735.00000000,27.37577200
2018-06-07 03:31:00.000000,7735.00000000,7736.97000000,7735.00000000,7735.03000000,8.74548600
2018-06-07 03:32:00.000000,7736.94000000,7739.98000000,7735.00000000,7735.17000000,14.77192000
2018-06-07 03:33:00.000000,7735.09000000,7735.18000000,7728.00000000,7728.44000000,19.39537600
2018-06-07 03:34:00.000000,7728.00000000,7728.00000000,7719.01000000,7719.01000000,21.81180800
2018-06-07 03:35:00.000000,7719.07000000,7725.49000000,7715.23000000,7724.40000000,75.41482900
2018-06-07 03:36:00.000000,7724.40000000,7724.40000000,7703.02000000,7710.77000000,55.91565700
2018-06-07 03:37:00.000000,7710.76000000,7721.31000000,7703.02000000,7708.00000000,15.99002600
2018-06-07 03:38:00.000000,7708.00000000,7710.39000000,7693.67000000,7697.99000000,74.61581800
2018-06-07 03:39:00.000000,7693.68000000,7700.00000000,7690.71000000,7698.01000000,36.81749500
2018-06-07 03:40:00.000000,7698.01000000,7707.70000000,7693.83000000,7704.49000000,25.66564000
2018-06-07 03:41:00.000000,7704.49000000,7707.00000000,7701.59000000,7706.89000000,8.35388900
2018-06-07 03:42:00.000000,7704.48000000,7710.16000000,7701.95000000,7710.00000000,24.37205800
2018-06-07 03:43:00.000000,7706.86000000,7710.53000000,7701.95000000,7708.01000000,11.94204000
2018-06-07 03:44:00.000000,7709.00000000,7710.66000000,7703.68000000,7707.11000000,5.31385700
2018-06-07 03:45:00.000000,7709.86000000,7713.01000000,7702.60000000,7710.61000000,6.93284600
2018-06-07 03:46:00.000000,7710.61000000,7712.72000000,7709.85000000,7710.15000000,25.01763000
2018-06-07 03:47:00.000000,7710.16000000,7712.72000000,7705.86000000,7712.33000000,29.78027200
2018-06-07 03:48:00.000000,7711.07000000,7712.33000000,7711.00000000,7711.41000000,28.54077900
2018-06-07 03:49:00.000000,7711.87000000,7714.48000000,7711.41000000,7712.04000000,30.57833600
2018-06-07 03:50:00.000000,7712.04000000,7717.34000000,7712.03000000,7712.04000000,10.15347100
2018-06-07 03:51:00.000000,7712.07000000,7720.00000000,7712.04000000,7718.00000000,8.67241500
2018-06-07 03:52:00.000000,7718.00000000,7720.00000000,7713.67000000,7715.00000000,8.20346800
2018-06-07 03:53:00.000000,7715.00000000,7719.99000000,7713.77000000,7719.51000000,6.82109000
2018-06-07 03:54:00.000000,7715.02000000,7720.00000000,7708.76000000,7710.00000000,10.80987800
2018-06-07 03:55:00.000000,7709.99000000,7711.66000000,7707.61000000,7707.82000000,4.70131200
2018-06-07 03:56:00.000000,7708.85000000,7711.00000000,7708.85000000,7710.00000000,19.65741000
2018-06-07 03:57:00.000000,7710.01000000,7711.00000000,7708.86000000,7710.00000000,27.28026800
2018-06-07 03:58:00.000000,7710.00000000,7710.00000000,7707.90000000,7710.00000000,33.27970000
2018-06-07 03:59:00.000000,7709.97000000,7731.05000000,7708.99000000,7722.28000000,96.55222200
2018-06-07 04:00:00.000000,7726.90000000,7730.00000000,7716.39000000,7716.39000000,20.29671500
2018-06-07 04:01:00.000000,7716.39000000,7717.16000000,7708.55000000,7717.15000000,13.01307800
2018-06-07 04:02:00.000000,7717.06000000,7717.16000000,7708.66000000,7715.01000000,6.63394400
2018-06-07 04:03:00.000000,7715.01000000,7717.16000000,7714.99000000,7714.99000000,4.79098900
2018-06-07 04:04:00.000000,7709.24000000,7716.92000000,7709.06000000,7711.67000000,4.41636900
2018-06-07 04:05:00.000000,7711.67000000,7715.00000000,7710.09000000,7712.04000000,3.54089900
2018-06-07 04:06:00.000000,7712.04000000,7712.05000000,7710.00000000,7710.00000000,15.77334700
2018-06-07 04:07:00.000000,7710.99000000,7711.00000000,7708.05000000,7708.06000000,41.96275700
2018-06-07 04:08:00.000000,7708.06000000,7713.16000000,7708.06000000,7713.12000000,17.79430100
2018-06-07 04:09:00.000000,7713.12000000,7713.15000000,7708.07000000,7708.16000000,2.51448000
2018-06-07 04:10:00.000000,7710.38000000,7712.61000000,7708.15000000,7710.01000000,2.21632400
2018-06-07 04:11:00.000000,7710.00000000,7712.58000000,7708.38000000,7712.58000000,5.22443000
2018-06-07 04:12:00.000000,7710.01000000,7713.14000000,7709.00000000,7713.14000000,10.41187700
2018-06-07 04:13:00.000000,7713.14000000,7713.16000000,7709.00000000,7711.77000000,9.42670300
2018-06-07 04:14:00.000000,7709.15000000,7713.00000000,7709.00000000,7712.89000000,20.07110100
2018-06-07 04:15:00.000000,7709.01000000,7712.89000000,7709.01000000,7712.46000000,14.32077400
2018-06-07 04:16:00.000000,7710.74000000,7713.16000000,7707.82000000,7713.16000000,18.30662400
2018-06-07 04:17:00.000000,7711.67000000,7713.15000000,7707.81000000,7713.14000000,20.80710900
2018-06-07 04:18:00.000000,7713.14000000,7713.14000000,7708.00000000,7709.99000000,11.26326500
2018-06-07 04:19:00.000000,7709.99000000,7710.00000000,7708.00000000,7709.99000000,7.03878300
2018-06-07 04:20:00.000000,7709.00000000,7712.00000000,7708.00000000,7711.99000000,6.75703100
2018-06-07 04:21:00.000000,7710.04000000,7712.00000000,7708.00000000,7710.03000000,3.82102100
2018-06-07 04:22:00.000000,7710.03000000,7710.95000000,7708.00000000,7710.02000000,4.87530500
2018-06-07 04:23:00.000000,7710.11000000,7710.11000000,7705.39000000,7705.87000000,30.22096600
2018-06-07 04:24:00.000000,7708.93000000,7708.93000000,7706.00000000,7707.90000000,6.27368700
2018-06-07 04:25:00.000000,7707.97000000,7708.00000000,7698.22000000,7707.95000000,12.34973300
2018-06-07 04:26:00.000000,7707.95000000,7709.64000000,7703.02000000,7706.96000000,5.46712900
2018-06-07 04:27:00.000000,7706.96000000,7709.64000000,7702.90000000,7702.93000000,5.42822200
2018-06-07 04:28:00.000000,7703.00000000,7706.89000000,7703.00000000,7703.10000000,8.49738700
2018-06-07 04:29:00.000000,7703.11000000,7703.11000000,7700.10000000,7700.12000000,6.49768100
2018-06-07 04:30:00.000000,7702.00000000,7703.11000000,7693.20000000,7698.01000000,36.15993600
2018-06-07 04:31:00.000000,7693.23000000,7699.99000000,7693.20000000,7699.70000000,34.78618100
2018-06-07 04:32:00.000000,7699.70000000,7699.70000000,7693.20000000,7693.22000000,29.30157700
2018-06-07 04:33:00.000000,7698.97000000,7698.97000000,7688.59000000,7691.60000000,18.68332200
2018-06-07 04:34:00.000000,7693.13000000,7695.95000000,7688.59000000,7693.99000000,10.18209300
2018-06-07 04:35:00.000000,7693.99000000,7694.43000000,7688.62000000,7693.99000000,9.48243300
2018-06-07 04:36:00.000000,7693.99000000,7693.99000000,7684.91000000,7691.92000000,20.98718300
2018-06-07 04:37:00.000000,7691.92000000,7692.00000000,7685.04000000,7689.99000000,6.12625200
2018-06-07 04:38:00.000000,7689.99000000,7710.00000000,7688.00000000,7709.00000000,34.13674800
2018-06-07 04:39:00.000000,7706.48000000,7715.00000000,7705.00000000,7714.99000000,29.64765100
2018-06-07 04:40:00.000000,7714.99000000,7714.99000000,7710.21000000,7711.35000000,14.07260000
2018-06-07 04:41:00.000000,7711.35000000,7714.53000000,7706.03000000,7711.34000000,12.17786400
2018-06-07 04:42:00.000000,7711.34000000,7711.34000000,7705.53000000,7708.00000000,30.56033700
2018-06-07 04:43:00.000000,7707.99000000,7713.00000000,7704.12000000,7710.81000000,18.20158600
2018-06-07 04:44:00.000000,7710.01000000,7713.00000000,7710.00000000,7710.05000000,25.50806800
2018-06-07 04:45:00.000000,7710.05000000,7714.99000000,7704.97000000,7713.00000000,6.41552600
2018-06-07 04:46:00.000000,7708.07000000,7713.00000000,7707.71000000,7710.00000000,13.20492100
2018-06-07 04:47:00.000000,7709.14000000,7710.00000000,7708.29000000,7709.97000000,20.40330800
2018-06-07 04:48:00.000000,7709.97000000,7713.00000000,7709.11000000,7712.00000000,3.43461000
2018-06-07 04:49:00.000000,7713.99000000,7713.99000000,7709.11000000,7709.99000000,3.25558800
2018-06-07 04:50:00.000000,7709.24000000,7710.00000000,7701.51000000,7702.04000000,9.45443300
2018-06-07 04:51:00.000000,7702.04000000,7704.99000000,7702.00000000,7702.00000000,5.35051300
2018-06-07 04:52:00.000000,7702.00000000,7704.98000000,7702.00000000,7703.61000000,2.40178000
2018-06-07 04:53:00.000000,7703.64000000,7704.99000000,7700.00000000,7704.00000000,6.04301700
2018-06-07 04:54:00.000000,7704.00000000,7714.99000000,7700.13000000,7710.49000000,8.51774300
2018-06-07 04:55:00.000000,7714.32000000,7714.32000000,7704.00000000,7712.42000000,5.32758400
2018-06-07 04:56:00.000000,7712.24000000,7712.25000000,7706.62000000,7709.44000000,8.14045200
2018-06-07 04:57:00.000000,7709.43000000,7709.43000000,7706.64000000,7707.32000000,5.60762400
2018-06-07 04:58:00.000000,7707.32000000,7710.00000000,7706.64000000,7708.32000000,5.43110300
2018-06-07 04:59:00.000000,7709.98000000,7710.00000000,7706.64000000,7706.71000000,12.26221700
2018-06-07 05:00:00.000000,7706.72000000,7710.30000000,7701.52000000,7703.75000000,39.30031200
2018-06-07 05:01:00.000000,7703.60000000,7703.60000000,7698.78000000,7698.81000000,10.29504500
2018-06-07 05:02:00.000000,7698.80000000,7704.97000000,7696.53000000,7700.64000000,11.02185300
2018-06-07 05:03:00.000000,7698.05000000,7700.64000000,7696.98000000,7700.00000000,5.22039100
2018-06-07 05:04:00.000000,7698.61000000,7706.07000000,7696.53000000,7697.83000000,34.75899200
2018-06-07 05:05:00.000000,7701.78000000,7706.17000000,7697.86000000,7698.18000000,3.45110200
2018-06-07 05:06:00.000000,7698.18000000,7706.17000000,7698.18000000,7698.24000000,2.96825200
2018-06-07 05:07:00.000000,7700.04000000,7707.78000000,7698.30000000,7707.78000000,2.89545200
2018-06-07 05:08:00.000000,7700.93000000,7700.93000000,7700.91000000,7700.93000000,4.32647600
2018-06-07 05:09:00.000000,7700.93000000,7700.93000000,7696.00000000,7698.31000000,11.96327300
2018-06-07 05:10:00.000000,7698.31000000,7705.29000000,7698.31000000,7698.32000000,24.00807900
2018-06-07 05:11:00.000000,7700.00000000,7705.39000000,7700.00000000,7705.39000000,23.27508400
2018-06-07 05:12:00.000000,7702.99000000,7705.00000000,7702.13000000,7703.00000000,4.00064600
2018-06-07 05:13:00.000000,7703.00000000,7703.00000000,7701.44000000,7702.96000000,4.28610100
2018-06-07 05:14:00.000000,7702.75000000,7703.00000000,7701.67000000,7702.99000000,6.92678800
2018-06-07 05:15:00.000000,7703.00000000,7705.00000000,7701.59000000,7704.01000000,26.30352300
2018-06-07 05:16:00.000000,7704.50000000,7705.00000000,7701.60000000,7704.99000000,14.55169600
2018-06-07 05:17:00.000000,7704.99000000,7710.29000000,7704.99000000,7708.45000000,28.79570100
2018-06-07 05:18:00.000000,7708.46000000,7710.00000000,7707.00000000,7709.49000000,33.61240500
2018-06-07 05:19:00.000000,7709.97000000,7710.00000000,7707.00000000,7707.03000000,30.45230200
2018-06-07 05:20:00.000000,7707.03000000,7709.97000000,7707.02000000,7709.96000000,29.95002500
2018-06-07 05:21:00.000000,7709.96000000,7710.00000000,7707.02000000,7709.99000000,6.05747300
2018-06-07 05:22:00.000000,7708.47000000,7710.00000000,7707.00000000,7707.00000000,5.49602000
2018-06-07 05:23:00.000000,7707.00000000,7708.99000000,7707.00000000,7707.00000000,12.57618400
2018-06-07 05:24:00.000000,7707.00000000,7708.00000000,7707.00000000,7707.11000000,15.34165500
2018-06-07 05:25:00.000000,7707.03000000,7712.88000000,7707.02000000,7709.69000000,30.95172400
2018-06-07 05:26:00.000000,7708.17000000,7714.03000000,7707.16000000,7709.99000000,14.54267900
2018-06-07 05:27:00.000000,7713.58000000,7713.60000000,7707.86000000,7707.99000000,26.53339200
2018-06-07 05:28:00.000000,7707.95000000,7709.00000000,7705.40000000,7705.40000000,41.34207700
2018-06-07 05:29:00.000000,7707.15000000,7710.00000000,7705.42000000,7706.01000000,45.62333300
2018-06-07 05:30:00.000000,7706.01000000,7708.00000000,7705.44000000,7706.02000000,33.10207400
2018-06-07 05:31:00.000000,7706.01000000,7708.00000000,7705.40000000,7705.45000000,15.41038500
2018-06-07 05:32:00.000000,7706.02000000,7706.02000000,7700.72000000,7702.03000000,22.48180600
2018-06-07 05:33:00.000000,7702.02000000,7708.00000000,7698.32000000,7705.96000000,20.53659600
2018-06-07 05:34:00.000000,7705.96000000,7708.00000000,7700.30000000,7707.63000000,21.30661900
2018-06-07 05:35:00.000000,7707.63000000,7711.01000000,7707.63000000,7707.64000000,17.69630600
2018-06-07 05:36:00.000000,7707.64000000,7710.14000000,7705.01000000,7708.65000000,6.17374300
2018-06-07 05:37:00.000000,7708.64000000,7708.64000000,7705.05000000,7706.00000000,9.86801100
2018-06-07 05:38:00.000000,7706.00000000,7707.00000000,7702.51000000,7702.51000000,5.35162700
2018-06-07 05:39:00.000000,7705.99000000,7706.01000000,7700.87000000,7703.48000000,17.37190300
2018-06-07 05:40:00.000000,7703.48000000,7705.50000000,7700.88000000,7705.00000000,46.54623900
2018-06-07 05:41:00.000000,7704.01000000,7705.00000000,7700.97000000,7701.00000000,38.07890600
2018-06-07 05:42:00.000000,7702.33000000,7703.00000000,7700.90000000,7700.90000000,37.51857600
2018-06-07 05:43:00.000000,7700.90000000,7703.10000000,7695.00000000,7699.14000000,75.84134800
2018-06-07 05:44:00.000000,7695.89000000,7700.00000000,7695.88000000,7698.46000000,19.46326900
2018-06-07 05:45:00.000000,7698.46000000,7700.00000000,7695.98000000,7695.98000000,24.88663000
2018-06-07 05:46:00.000000,7695.99000000,7700.73000000,7695.98000000,7699.99000000,17.06377600
2018-06-07 05:47:00.000000,7700.00000000,7707.00000000,7698.25000000,7707.00000000,17.44519400
2018-06-07 05:48:00.000000,7706.99000000,7708.00000000,7705.08000000,7705.08000000,5.78405200
2018-06-07 05:49:00.000000,7705.08000000,7707.88000000,7696.51000000,7699.32000000,11.92507000
2018-06-07 05:50:00.000000,7699.39000000,7706.06000000,7699.39000000,7703.97000000,20.38032900
2018-06-07 05:51:00.000000,7703.97000000,7703.97000000,7699.00000000,7703.80000000,24.58451000
2018-06-07 05:52:00.000000,7699.41000000,7707.00000000,7699.00000000,7705.00000000,21.89374900
2018-06-07 05:53:00.000000,7706.00000000,7707.01000000,7705.00000000,7705.12000000,15.63143900
2018-06-07 05:54:00.000000,7705.11000000,7707.00000000,7698.09000000,7699.18000000,8.69119600
2018-06-07 05:55:00.000000,7699.18000000,7707.99000000,7699.18000000,7707.98000000,59.06524200
2018-06-07 05:56:00.000000,7706.32000000,7708.00000000,7699.18000000,7707.96000000,24.91538700
2018-06-07 05:57:00.000000,7707.96000000,7710.00000000,7703.99000000,7707.99000000,16.47505800
2018-06-07 05:58:00.000000,7708.01000000,7715.00000000,7708.00000000,7710.10000000,26.04084300
2018-06-07 05:59:00.000000,7710.10000000,7715.00000000,7710.10000000,7712.00000000,27.42039000
2018-06-07 06:00:00.000000,7714.80000000,7722.20000000,7714.80000000,7716.12000000,94.21378600
2018-06-07 06:01:00.000000,7716.13000000,7724.10000000,7716.13000000,7720.18000000,48.67805300
2018-06-07 06:02:00.000000,7720.00000000,7720.17000000,7707.00000000,7715.00000000,35.15052600
2018-06-07 06:03:00.000000,7715.47000000,7715.98000000,7711.00000000,7711.04000000,33.69205900
2018-06-07 06:04:00.000000,7711.04000000,7715.00000000,7709.50000000,7710.02000000,21.25792900
2018-06-07 06:05:00.000000,7710.02000000,7716.60000000,7709.52000000,7716.07000000,33.92880700
2018-06-07 06:06:00.000000,7715.00000000,7717.00000000,7710.31000000,7711.00000000,13.51183500
2018-06-07 06:07:00.000000,7712.44000000,7713.89000000,7709.52000000,7709.97000000,12.83750300
2018-06-07 06:08:00.000000,7709.97000000,7709.97000000,7700.00000000,7703.46000000,22.23029100
2018-06-07 06:09:00.000000,7703.46000000,7707.99000000,7703.45000000,7707.80000000,19.98895700
2018-06-07 06:10:00.000000,7706.15000000,7707.98000000,7705.00000000,7707.80000000,9.04788900
2018-06-07 06:11:00.000000,7707.80000000,7707.99000000,7706.20000000,7706.21000000,16.65521100
2018-06-07 06:12:00.000000,7706.21000000,7718.00000000,7703.68000000,7714.21000000,54.16266800
2018-06-07 06:13:00.000000,7714.25000000,7714.25000000,7702.50000000,7713.08000000,19.04738100
2018-06-07 06:14:00.000000,7711.89000000,7711.89000000,7701.81000000,7707.36000000,7.12993300
2018-06-07 06:15:00.000000,7707.27000000,7711.78000000,7707.27000000,7710.86000000,12.58670200
2018-06-07 06:16:00.000000,7707.33000000,7711.00000000,7707.30000000,7710.01000000,32.80261500
2018-06-07 06:17:00.000000,7710.83000000,7713.00000000,7710.00000000,7712.00000000,32.35571700
2018-06-07 06:18:00.000000,7712.74000000,7712.93000000,7710.00000000,7710.00000000,20.30343100
2018-06-07 06:19:00.000000,7711.47000000,7712.93000000,7705.05000000,7705.05000000,17.81827000
2018-06-07 06:20:00.000000,7705.06000000,7710.00000000,7700.00000000,7701.13000000,23.64978600
2018-06-07 06:21:00.000000,7701.13000000,7708.16000000,7699.99000000,7699.99000000,12.56616900
2018-06-07 06:22:00.000000,7699.87000000,7700.00000000,7699.18000000,7699.19000000,12.04774700
2018-06-07 06:23:00.000000,7699.18000000,7710.00000000,7698.83000000,7701.73000000,13.81588200
2018-06-07 06:24:00.000000,7701.72000000,7711.90000000,7698.83000000,7699.99000000,64.06647200
2018-06-07 06:25:00.000000,7700.00000000,7707.34000000,7698.83000000,7707.32000000,12.15257300
2018-06-07 06:26:00.000000,7707.32000000,7710.00000000,7705.00000000,7709.00000000,17.96925500
2018-06-07 06:27:00.000000,7709.00000000,7710.00000000,7704.23000000,7705.04000000,31.59927500
2018-06-07 06:28:00.000000,7705.04000000,7708.99000000,7700.00000000,7705.05000000,16.11675800
2018-06-07 06:29:00.000000,7708.58000000,7710.95000000,7701.32000000,7706.01000000,34.83823300
2018-06-07 06:30:00.000000,7707.64000000,7710.00000000,7702.29000000,7702.35000000,6.31454900
2018-06-07 06:31:00.000000,7709.76000000,7709.77000000,7702.30000000,7703.40000000,2.94072400
2018-06-07 06:32:00.000000,7702.87000000,7710.01000000,7701.00000000,7702.50000000,41.21607600
2018-06-07 06:33:00.000000,7702.41000000,7706.90000000,7660.83000000,7676.03000000,112.44133800
2018-06-07 06:34:00.000000,7676.03000000,7697.70000000,7676.03000000,7697.69000000,29.99503200
2018-06-07 06:35:00.000000,7696.88000000,7698.22000000,7696.07000000,7696.07000000,20.62389100
2018-06-07 06:36:00.000000,7696.07000000,7700.00000000,7696.07000000,7700.00000000,37.36294900
2018-06-07 06:37:00.000000,7700.33000000,7709.00000000,7700.33000000,7707.11000000,27.40665600
2018-06-07 06:38:00.000000,7706.06000000,7707.11000000,7702.12000000,7703.00000000,11.94388800
2018-06-07 06:39:00.000000,7706.81000000,7706.89000000,7700.60000000,7700.60000000,5.01684100
2018-06-07 06:40:00.000000,7700.61000000,7704.53000000,7697.33000000,7697.33000000,4.59406500
2018-06-07 06:41:00.000000,7697.33000000,7707.08000000,7696.07000000,7703.83000000,13.97721900
2018-06-07 06:42:00.000000,7703.83000000,7706.00000000,7700.65000000,7706.00000000,23.64865300
2018-06-07 06:43:00.000000,7705.01000000,7706.00000000,7700.01000000,7700.01000000,30.44665600
2018-06-07 06:44:00.000000,7700.01000000,7707.00000000,7700.00000000,7705.78000000,22.98007600
2018-06-07 06:45:00.000000,7707.00000000,7707.00000000,7700.80000000,7705.00000000,17.71401800
2018-06-07 06:46:00.000000,7700.83000000,7705.11000000,7700.14000000,7705.11000000,7.72363000
2018-06-07 06:47:00.000000,7705.11000000,7707.00000000,7701.21000000,7701.49000000,7.82190600
2018-06-07 06:48:00.000000,7701.50000000,7707.08000000,7701.50000000,7707.08000000,13.96848500
2018-06-07 06:49:00.000000,7707.08000000,7709.00000000,7705.00000000,7705.00000000,7.97245600
2018-06-07 06:50:00.000000,7707.00000000,7709.00000000,7705.00000000,7708.00000000,13.08690300
2018-06-07 06:51:00.000000,7708.00000000,7709.90000000,7705.57000000,7709.90000000,15.92357000
2018-06-07 06:52:00.000000,7709.00000000,7710.00000000,7705.01000000,7708.45000000,5.81237600
2018-06-07 06:53:00.000000,7709.00000000,7710.87000000,7706.00000000,7710.00000000,10.28368200
2018-06-07 06:54:00.000000,7709.90000000,7712.30000000,7708.99000000,7710.00000000,12.80919100
2018-06-07 06:55:00.000000,7712.00000000,7713.00000000,7709.47000000,7712.96000000,13.98630500
2018-06-07 06:56:00.000000,7712.00000000,7713.50000000,7709.47000000,7712.71000000,6.96384200
2018-06-07 06:57:00.000000,7712.71000000,7717.40000000,7712.71000000,7714.01000000,8.67431900
2018-06-07 06:58:00.000000,7714.01000000,7718.60000000,7712.74000000,7718.50000000,35.06209700
2018-06-07 06:59:00.000000,7718.50000000,7718.66000000,7715.01000000,7718.66000000,13.01452200
2018-06-07 07:00:00.000000,7718.66000000,7724.10000000,7715.00000000,7719.22000000,14.49698700
2018-06-07 07:01:00.000000,7720.00000000,7725.11000000,7715.00000000,7721.00000000,17.38332200
2018-06-07 07:02:00.000000,7721.00000000,7725.10000000,7715.00000000,7715.07000000,12.21558500
2018-06-07 07:03:00.000000,7717.29000000,7717.29000000,7712.74000000,7714.21000000,16.77077200
2018-06-07 07:04:00.000000,7712.74000000,7714.21000000,7712.69000000,7714.21000000,6.66231100
2018-06-07 07:05:00.000000,7714.21000000,7717.30000000,7714.00000000,7714.29000000,3.64825700
2018-06-07 07:06:00.000000,7714.00000000,7721.51000000,7714.00000000,7719.04000000,19.96805400
2018-06-07 07:07:00.000000,7719.04000000,7721.51000000,7714.62000000,7721.15000000,11.59582400
2018-06-07 07:08:00.000000,7716.83000000,7716.83000000,7714.73000000,7715.00000000,5.25259500
2018-06-07 07:09:00.000000,7715.00000000,7715.01000000,7714.00000000,7714.00000000,9.17229600
2018-06-07 07:10:00.000000,7715.00000000,7715.01000000,7710.01000000,7710.01000000,10.50431400
2018-06-07 07:11:00.000000,7710.50000000,7710.51000000,7707.99000000,7707.99000000,4.61223000
2018-06-07 07:12:00.000000,7710.51000000,7711.66000000,7707.99000000,7710.01000000,11.77870100
2018-06-07 07:13:00.000000,7710.01000000,7710.01000000,7706.00000000,7709.02000000,24.17637700
2018-06-07 07:14:00.000000,7707.51000000,7710.01000000,7706.01000000,7707.66000000,33.66762300
2018-06-07 07:15:00.000000,7707.00000000,7707.66000000,7706.00000000,7706.01000000,33.92970100
2018-06-07 07:16:00.000000,7707.00000000,7713.10000000,7706.01000000,7708.37000000,63.13880500
2018-06-07 07:17:00.000000,7708.37000000,7708.38000000,7706.03000000,7708.38000000,35.18201000
2018-06-07 07:18:00.000000,7708.37000000,7708.38000000,7707.01000000,7708.11000000,9.98065600
2018-06-07 07:19:00.000000,7708.12000000,7710.00000000,7707.00000000,7707.01000000,6.75978300
2018-06-07 07:20:00.000000,7707.01000000,7713.10000000,7706.00000000,7706.00000000,3.73171900
2018-06-07 07:21:00.000000,7707.03000000,7712.87000000,7705.22000000,7710.02000000,5.46565500
2018-06-07 07:22:00.000000,7710.01000000,7713.10000000,7706.01000000,7706.75000000,5.53508300
2018-06-07 07:23:00.000000,7706.78000000,7713.10000000,7706.05000000,7708.27000000,7.68148300
2018-06-07 07:24:00.000000,7710.35000000,7713.10000000,7708.21000000,7713.10000000,2.30074600
2018-06-07 07:25:00.000000,7713.10000000,7718.84000000,7708.23000000,7718.83000000,28.70117800
2018-06-07 07:26:00.000000,7717.87000000,7722.20000000,7708.37000000,7718.02000000,20.05556500
2018-06-07 07:27:00.000000,7718.02000000,7721.92000000,7713.34000000,7720.78000000,6.77078300
2018-06-07 07:28:00.000000,7715.00000000,7719.98000000,7713.99000000,7718.99000000,1.54606300
2018-06-07 07:29:00.000000,7718.98000000,7719.00000000,7714.02000000,7716.53000000,5.99849800
2018-06-07 07:30:00.000000,7716.53000000,7718.98000000,7714.99000000,7714.99000000,4.57956300
2018-06-07 07:31:00.000000,7714.99000000,7718.96000000,7714.07000000,7715.00000000,4.01310000
2018-06-07 07:32:00.000000,7715.00000000,7718.00000000,7713.39000000,7713.40000000,6.72747700
2018-06-07 07:33:00.000000,7713.40000000,7717.99000000,7711.00000000,7714.91000000,8.12982800
2018-06-07 07:34:00.000000,7714.92000000,7717.88000000,7711.00000000,7711.47000000,8.19194700
2018-06-07 07:35:00.000000,7716.00000000,7717.89000000,7710.01000000,7710.82000000,15.61692600
2018-06-07 07:36:00.000000,7710.82000000,7716.99000000,7709.00000000,7714.74000000,13.95948000
2018-06-07 07:37:00.000000,7714.75000000,7716.98000000,7709.00000000,7715.99000000,5.79252200
2018-06-07 07:38:00.000000,7715.99000000,7717.89000000,7713.98000000,7717.89000000,3.38352900
2018-06-07 07:39:00.000000,7717.45000000,7719.90000000,7717.00000000,7717.00000000,5.50464700
2018-06-07 07:40:00.000000,7719.00000000,7719.72000000,7711.02000000,7711.84000000,19.21164000
2018-06-07 07:41:00.000000,7711.84000000,7718.90000000,7711.84000000,7718.81000000,5.08643600
2018-06-07 07:42:00.000000,7718.82000000,7718.85000000,7714.51000000,7718.85000000,5.95157700
2018-06-07 07:43:00.000000,7718.23000000,7719.00000000,7713.01000000,7713.01000000,7.59310100
2018-06-07 07:44:00.000000,7713.01000000,7716.35000000,7713.00000000,7713.00000000,4.82200700
2018-06-07 07:45:00.000000,7713.00000000,7715.50000000,7713.00000000,7713.02000000,15.96652400
2018-06-07 07:46:00.000000,7713.02000000,7722.53000000,7713.02000000,7715.15000000,12.71346600
2018-06-07 07:47:00.000000,7715.15000000,7715.15000000,7713.03000000,7715.04000000,4.13372500
2018-06-07 07:48:00.000000,7715.00000000,7715.04000000,7713.01000000,7713.01000000,4.67654500
2018-06-07 07:49:00.000000,7713.02000000,7715.04000000,7713.01000000,7715.04000000,9.57299400
2018-06-07 07:50:00.000000,7715.01000000,7715.15000000,7710.62000000,7712.00000000,29.93784200
2018-06-07 07:51:00.000000,7710.65000000,7715.00000000,7708.00000000,7711.99000000,39.91731700
2018-06-07 07:52:00.000000,7711.99000000,7713.13000000,7708.25000000,7710.04000000,7.73941800
2018-06-07 07:53:00.000000,7711.56000000,7714.71000000,7710.03000000,7714.00000000,4.72779400
2018-06-07 07:54:00.000000,7714.02000000,7715.00000000,7711.00000000,7712.01000000,10.13308700
2018-06-07 07:55:00.000000,7714.76000000,7715.00000000,7710.61000000,7710.61000000,11.31204500
2018-06-07 07:56:00.000000,7712.60000000,7715.00000000,7708.27000000,7708.31000000,17.20480700
2018-06-07 07:57:00.000000,7709.98000000,7709.98000000,7708.29000000,7709.00000000,5.68355100
2018-06-07 07:58:00.000000,7709.00000000,7710.61000000,7709.00000000,7709.00000000,18.03964000
2018-06-07 07:59:00.000000,7709.00000000,7709.98000000,7708.30000000,7708.31000000,6.76996600
2018-06-07 08:00:00.000000,7708.31000000,7714.50000000,7708.31000000,7710.01000000,22.02142400
2018-06-07 08:01:00.000000,7711.00000000,7718.75000000,7710.02000000,7711.93000000,11.89338100
2018-06-07 08:02:00.000000,7714.30000000,7718.75000000,7711.92000000,7715.01000000,14.74317700
2018-06-07 08:03:00.000000,7715.00000000,7719.50000000,7715.00000000,7719.00000000,7.86620800
2018-06-07 08:04:00.000000,7719.00000000,7719.50000000,7712.91000000,7713.01000000,20.81759600
2018-06-07 08:05:00.000000,7713.05000000,7719.22000000,7709.01000000,7712.96000000,7.39131800
2018-06-07 08:06:00.000000,7716.50000000,7719.22000000,7712.91000000,7717.37000000,5.29607700
2018-06-07 08:07:00.000000,7717.37000000,7717.37000000,7709.03000000,7711.57000000,15.72738000
2018-06-07 08:08:00.000000,7709.03000000,7717.00000000,7709.03000000,7709.81000000,6.10422000
2018-06-07 08:09:00.000000,7709.81000000,7709.81000000,7709.31000000,7709.33000000,3.36649000
2018-06-07 08:10:00.000000,7709.57000000,7714.33000000,7709.01000000,7714.22000000,3.00729900
2018-06-07 08:11:00.000000,7714.30000000,7716.00000000,7710.72000000,7710.72000000,6.16810900
2018-06-07 08:12:00.000000,7715.87000000,7716.99000000,7709.01000000,7709.14000000,16.08813600
2018-06-07 08:13:00.000000,7709.14000000,7715.00000000,7707.00000000,7714.01000000,8.17161200
2018-06-07 08:14:00.000000,7714.01000000,7716.00000000,7709.00000000,7716.00000000,7.11133500
2018-06-07 08:15:00.000000,7716.00000000,7716.00000000,7709.61000000,7713.97000000,18.33461700
2018-06-07 08:16:00.000000,7713.96000000,7718.50000000,7709.01000000,7714.42000000,34.57364100
2018-06-07 08:17:00.000000,7714.34000000,7718.50000000,7714.33000000,7715.00000000,6.76081500
2018-06-07 08:18:00.000000,7714.67000000,7718.50000000,7709.13000000,7715.31000000,15.65818900
2018-06-07 08:19:00.000000,7715.31000000,7720.00000000,7712.08000000,7719.85000000,7.04198000
2018-06-07 08:20:00.000000,7719.86000000,7720.00000000,7714.02000000,7719.95000000,5.98274700
2018-06-07 08:21:00.000000,7720.00000000,7725.00000000,7719.86000000,7722.03000000,10.21287600
2018-06-07 08:22:00.000000,7722.16000000,7736.00000000,7722.01000000,7728.67000000,60.83572000
2018-06-07 08:23:00.000000,7731.24000000,7736.13000000,7728.53000000,7729.03000000,42.01925300
2018-06-07 08:24:00.000000,7729.02000000,7735.00000000,7722.01000000,7728.03000000,52.97163000
2018-06-07 08:25:00.000000,7732.67000000,7734.02000000,7722.26000000,7731.12000000,36.09426900
2018-06-07 08:26:00.000000,7731.11000000,7742.00000000,7726.00000000,7740.00000000,44.16612100
2018-06-07 08:27:00.000000,7739.23000000,7741.04000000,7713.09000000,7715.89000000,70.92295900
2018-06-07 08:28:00.000000,7715.86000000,7719.15000000,7710.02000000,7716.62000000,23.87145700
2018-06-07 08:29:00.000000,7713.97000000,7715.93000000,7707.00000000,7707.00000000,34.00954800
2018-06-07 08:30:00.000000,7707.26000000,7707.93000000,7697.01000000,7707.78000000,72.71384500
2018-06-07 08:31:00.000000,7707.78000000,7709.99000000,7702.11000000,7708.99000000,9.90073000
2018-06-07 08:32:00.000000,7708.96000000,7710.00000000,7707.24000000,7710.00000000,5.17101600
2018-06-07 08:33:00.000000,7710.00000000,7716.91000000,7708.12000000,7709.61000000,27.60349400
2018-06-07 08:34:00.000000,7709.61000000,7720.80000000,7709.61000000,7716.66000000,15.19480200
2018-06-07 08:35:00.000000,7718.05000000,7718.78000000,7716.62000000,7717.01000000,33.35396400
2018-06-07 08:36:00.000000,7717.00000000,7717.21000000,7712.00000000,7712.02000000,27.43184800
2018-06-07 08:37:00.000000,7712.02000000,7728.76000000,7710.02000000,7723.99000000,35.46784600
2018-06-07 08:38:00.000000,7721.32000000,7724.00000000,7713.09000000,7722.99000000,27.10215500
2018-06-07 08:39:00.000000,7723.99000000,7724.00000000,7713.99000000,7717.49000000,93.56866600
2018-06-07 08:40:00.000000,7720.37000000,7723.24000000,7714.02000000,7715.25000000,14.99342500
2018-06-07 08:41:00.000000,7716.37000000,7717.48000000,7711.09000000,7711.10000000,11.48110400
2018-06-07 08:42:00.000000,7711.09000000,7711.10000000,7704.03000000,7706.41000000,17.25773100
2018-06-07 08:43:00.000000,7704.73000000,7710.68000000,7702.95000000,7702.96000000,124.55497800
2018-06-07 08:44:00.000000,7702.96000000,7704.66000000,7693.57000000,7699.40000000,67.00386000
2018-06-07 08:45:00.000000,7693.66000000,7701.40000000,7682.12000000,7696.92000000,36.01133900
2018-06-07 08:46:00.000000,7696.92000000,7708.84000000,7694.13000000,7708.84000000,11.47339700
2018-06-07 08:47:00.000000,7708.78000000,7708.78000000,7696.89000000,7697.16000000,22.28752200
2018-06-07 08:48:00.000000,7697.16000000,7707.16000000,7692.68000000,7700.00000000,24.42150400
2018-06-07 08:49:00.000000,7700.00000000,7705.16000000,7697.71000000,7705.16000000,8.33976700
2018-06-07 08:50:00.000000,7704.15000000,7704.16000000,7695.62000000,7703.00000000,15.00874100
2018-06-07 08:51:00.000000,7703.00000000,7703.16000000,7696.97000000,7703.16000000,10.85953200
2018-06-07 08:52:00.000000,7702.03000000,7703.16000000,7697.50000000,7703.08000000,11.31623800
2018-06-07 08:53:00.000000,7703.08000000,7703.66000000,7698.00000000,7703.66000000,4.09795000
2018-06-07 08:54:00.000000,7703.66000000,7703.66000000,7698.17000000,7700.05000000,4.42937400
2018-06-07 08:55:00.000000,7703.66000000,7703.66000000,7698.05000000,7703.00000000,22.30277400
2018-06-07 08:56:00.000000,7700.01000000,7700.01000000,7693.59000000,7699.16000000,16.39760100
2018-06-07 08:57:00.000000,7698.01000000,7698.01000000,7693.02000000,7693.99000000,10.47497200
2018-06-07 08:58:00.000000,7693.99000000,7700.00000000,7690.52000000,7700.00000000,33.26447300
2018-06-07 08:59:00.000000,7695.04000000,7700.80000000,7695.04000000,7699.17000000,18.58524800
2018-06-07 09:00:00.000000,7699.16000000,7704.15000000,7690.00000000,7693.00000000,29.81933900
2018-06-07 09:01:00.000000,7693.00000000,7694.12000000,7684.83000000,7689.50000000,31.47921900
2018-06-07 09:02:00.000000,7689.49000000,7689.50000000,7681.30000000,7689.50000000,34.20979800
2018-06-07 09:03:00.000000,7689.03000000,7697.70000000,7679.67000000,7697.00000000,44.13218100
2018-06-07 09:04:00.000000,7697.00000000,7697.00000000,7691.85000000,7691.85000000,30.39491300
2018-06-07 09:05:00.000000,7691.86000000,7695.95000000,7687.80000000,7691.84000000,54.42018300
2018-06-07 09:06:00.000000,7693.99000000,7693.99000000,7691.84000000,7693.97000000,35.39702900
2018-06-07 09:07:00.000000,7693.97000000,7693.98000000,7691.84000000,7693.95000000,23.91376500
2018-06-07 09:08:00.000000,7693.96000000,7693.98000000,7690.93000000,7690.94000000,74.19855900
2018-06-07 09:09:00.000000,7690.94000000,7690.98000000,7675.00000000,7675.00000000,22.84710500
2018-06-07 09:10:00.000000,7680.19000000,7693.98000000,7675.60000000,7690.80000000,121.72848200
2018-06-07 09:11:00.000000,7690.80000000,7693.95000000,7676.47000000,7687.27000000,28.37044500
2018-06-07 09:12:00.000000,7686.55000000,7689.16000000,7682.07000000,7684.92000000,20.75977000
2018-06-07 09:13:00.000000,7688.04000000,7688.04000000,7677.10000000,7687.52000000,10.81090400
2018-06-07 09:14:00.000000,7687.52000000,7692.00000000,7680.10000000,7690.02000000,9.93810200
2018-06-07 09:15:00.000000,7690.03000000,7692.34000000,7689.40000000,7690.74000000,9.71238100
2018-06-07 09:16:00.000000,7692.70000000,7693.98000000,7690.74000000,7693.96000000,12.02949600
2018-06-07 09:17:00.000000,7693.96000000,7701.01000000,7692.00000000,7701.01000000,38.59562100
2018-06-07 09:18:00.000000,7700.00000000,7701.54000000,7693.99000000,7696.98000000,10.38803600
2018-06-07 09:19:00.000000,7696.97000000,7700.00000000,7692.06000000,7696.34000000,6.06917400
2018-06-07 09:20:00.000000,7696.34000000,7696.34000000,7693.11000000,7696.34000000,15.41102800
2018-06-07 09:21:00.000000,7696.34000000,7699.99000000,7696.00000000,7696.33000000,7.44243600
2018-06-07 09:22:00.000000,7696.33000000,7699.00000000,7693.11000000,7696.47000000,8.53798500
2018-06-07 09:23:00.000000,7696.44000000,7696.44000000,7692.33000000,7695.00000000,9.86841700
2018-06-07 09:24:00.000000,7694.07000000,7695.24000000,7693.11000000,7695.00000000,6.93277300
2018-06-07 09:25:00.000000,7695.00000000,7695.00000000,7692.33000000,7692.33000000,2.82007800
2018-06-07 09:26:00.000000,7694.00000000,7695.00000000,7692.34000000,7694.33000000,11.47603900
2018-06-07 09:27:00.000000,7694.33000000,7698.99000000,7694.01000000,7695.47000000,27.00254300
2018-06-07 09:28:00.000000,7695.47000000,7699.99000000,7695.46000000,7696.02000000,5.83329900
2018-06-07 09:29:00.000000,7696.10000000,7699.99000000,7696.09000000,7697.02000000,48.09424400
2018-06-07 09:30:00.000000,7697.02000000,7699.00000000,7695.00000000,7697.00000000,54.62795300
2018-06-07 09:31:00.000000,7697.07000000,7699.00000000,7694.01000000,7694.01000000,30.19868800
2018-06-07 09:32:00.000000,7698.96000000,7698.96000000,7694.02000000,7697.00000000,18.91532600
2018-06-07 09:33:00.000000,7697.00000000,7700.00000000,7695.09000000,7698.98000000,57.88255000
2018-06-07 09:34:00.000000,7698.98000000,7700.00000000,7697.03000000,7697.04000000,6.23658100
2018-06-07 09:35:00.000000,7699.01000000,7699.01000000,7695.00000000,7695.00000000,10.48263400
2018-06-07 09:36:00.000000,7698.29000000,7698.50000000,7694.06000000,7694.06000000,6.14283800
2018-06-07 09:37:00.000000,7695.00000000,7701.66000000,7691.92000000,7700.00000000,107.77913100
2018-06-07 09:38:00.000000,7700.72000000,7701.43000000,7700.00000000,7700.01000000,7.03014500
2018-06-07 09:39:00.000000,7700.01000000,7701.43000000,7692.00000000,7700.00000000,60.62324500
2018-06-07 09:40:00.000000,7698.28000000,7700.00000000,7696.59000000,7696.60000000,6.00278500
2018-06-07 09:41:00.000000,7699.99000000,7700.00000000,7696.60000000,7700.00000000,13.27964000
2018-06-07 09:42:00.000000,7698.31000000,7699.00000000,7693.24000000,7693.41000000,19.10856000
2018-06-07 09:43:00.000000,7693.41000000,7698.50000000,7693.41000000,7694.02000000,21.30574700
2018-06-07 09:44:00.000000,7694.02000000,7701.62000000,7694.02000000,7698.50000000,35.72912100
2018-06-07 09:45:00.000000,7698.50000000,7701.62000000,7697.34000000,7701.61000000,31.56323100
2018-06-07 09:46:00.000000,7701.62000000,7701.62000000,7700.00000000,7700.01000000,34.56569900
2018-06-07 09:47:00.000000,7700.97000000,7701.00000000,7700.00000000,7700.02000000,19.46581300
2018-06-07 09:48:00.000000,7701.00000000,7701.62000000,7700.00000000,7700.01000000,11.96045400
2018-06-07 09:49:00.000000,7701.61000000,7701.62000000,7700.00000000,7701.62000000,16.83388900
2018-06-07 09:50:00.000000,7701.62000000,7701.99000000,7700.00000000,7701.43000000,23.50404500
2018-06-07 09:51:00.000000,7701.42000000,7704.15000000,7694.24000000,7695.00000000,55.27240500
2018-06-07 09:52:00.000000,7698.94000000,7704.63000000,7693.20000000,7701.26000000,33.13178900
2018-06-07 09:53:00.000000,7701.33000000,7701.38000000,7694.56000000,7699.97000000,12.08896900
2018-06-07 09:54:00.000000,7699.99000000,7699.99000000,7694.68000000,7698.89000000,3.26007700
2018-06-07 09:55:00.000000,7698.86000000,7703.55000000,7695.32000000,7699.21000000,9.07380700
2018-06-07 09:56:00.000000,7699.21000000,7717.58000000,7695.55000000,7713.15000000,47.99299300
2018-06-07 09:57:00.000000,7713.15000000,7720.03000000,7706.52000000,7712.12000000,54.71045400
2018-06-07 09:58:00.000000,7714.98000000,7720.00000000,7710.00000000,7711.03000000,50.35517800
2018-06-07 09:59:00.000000,7717.86000000,7720.03000000,7705.00000000,7706.05000000,22.65872300
2018-06-07 10:00:00.000000,7706.05000000,7706.05000000,7705.00000000,7706.04000000,23.19889800
2018-06-07 10:01:00.000000,7706.04000000,7711.99000000,7706.04000000,7706.16000000,9.70352400
2018-06-07 10:02:00.000000,7706.18000000,7712.26000000,7706.18000000,7707.02000000,4.94846000
2018-06-07 10:03:00.000000,7708.50000000,7711.98000000,7707.00000000,7707.00000000,8.99546300
2018-06-07 10:04:00.000000,7709.00000000,7710.00000000,7708.00000000,7708.13000000,2.93334800
2018-06-07 10:05:00.000000,7708.12000000,7713.09000000,7708.09000000,7713.09000000,6.57146300
2018-06-07 10:06:00.000000,7711.49000000,7718.95000000,7711.49000000,7715.00000000,7.77881500
2018-06-07 10:07:00.000000,7718.49000000,7718.49000000,7712.01000000,7712.05000000,10.87652800
2018-06-07 10:08:00.000000,7713.01000000,7715.00000000,7712.04000000,7713.01000000,6.02517800
2018-06-07 10:09:00.000000,7713.02000000,7715.00000000,7712.00000000,7712.26000000,13.27798300
2018-06-07 10:10:00.000000,7712.36000000,7717.23000000,7712.32000000,7712.51000000,15.13136800
2018-06-07 10:11:00.000000,7714.69000000,7716.81000000,7709.87000000,7709.87000000,24.06057400
2018-06-07 10:12:00.000000,7712.54000000,7712.55000000,7709.87000000,7711.89000000,6.98929900
2018-06-07 10:13:00.000000,7709.89000000,7713.34000000,7709.88000000,7712.85000000,12.09721200
2018-06-07 10:14:00.000000,7712.83000000,7712.83000000,7702.94000000,7705.02000000,36.28318400
2018-06-07 10:15:00.000000,7705.01000000,7706.93000000,7700.00000000,7701.82000000,20.64184500
2018-06-07 10:16:00.000000,7702.87000000,7706.93000000,7701.01000000,7701.89000000,4.93050700
2018-06-07 10:17:00.000000,7701.89000000,7706.70000000,7700.00000000,7701.52000000,4.96730100
2018-06-07 10:18:00.000000,7701.52000000,7706.70000000,7698.10000000,7705.69000000,16.18348800
2018-06-07 10:19:00.000000,7700.06000000,7708.07000000,7700.06000000,7703.00000000,18.43048500
2018-06-07 10:20:00.000000,7705.70000000,7705.70000000,7702.29000000,7705.02000000,6.38393000
2018-06-07 10:21:00.000000,7705.02000000,7708.07000000,7705.00000000,7708.07000000,7.28901000
2018-06-07 10:22:00.000000,7708.07000000,7708.07000000,7705.00000000,7707.00000000,3.85411600
2018-06-07 10:23:00.000000,7706.01000000,7707.97000000,7703.00000000,7704.05000000,10.55699500
2018-06-07 10:24:00.000000,7704.05000000,7704.06000000,7701.46000000,7703.97000000,7.38079100
2018-06-07 10:25:00.000000,7703.44000000,7703.97000000,7694.56000000,7701.38000000,5.71081800
2018-06-07 10:26:00.000000,7701.38000000,7703.81000000,7700.00000000,7703.81000000,9.08057600
2018-06-07 10:27:00.000000,7703.00000000,7704.00000000,7700.00000000,7703.99000000,10.84019500
2018-06-07 10:28:00.000000,7704.00000000,7704.00000000,7697.60000000,7703.99000000,27.54540400
2018-06-07 10:29:00.000000,7703.98000000,7703.99000000,7696.68000000,7703.00000000,23.66932600
2018-06-07 10:30:00.000000,7703.89000000,7703.89000000,7696.70000000,7702.22000000,23.95048700
2018-06-07 10:31:00.000000,7702.21000000,7703.00000000,7694.56000000,7696.01000000,32.93180100
2018-06-07 10:32:00.000000,7694.57000000,7696.69000000,7692.12000000,7695.23000000,43.54583000
2018-06-07 10:33:00.000000,7695.23000000,7695.98000000,7692.16000000,7695.94000000,13.29570000
2018-06-07 10:34:00.000000,7695.94000000,7696.69000000,7694.00000000,7694.00000000,42.54996300
2018-06-07 10:35:00.000000,7694.00000000,7696.69000000,7694.00000000,7694.04000000,35.34856400
2018-06-07 10:36:00.000000,7694.04000000,7696.46000000,7694.02000000,7694.04000000,9.68563700
2018-06-07 10:37:00.000000,7694.04000000,7696.04000000,7694.02000000,7694.96000000,17.06636900
2018-06-07 10:38:00.000000,7694.96000000,7695.00000000,7692.16000000,7694.00000000,47.69890600
2018-06-07 10:39:00.000000,7694.00000000,7694.00000000,7692.12000000,7692.96000000,31.49961700
2018-06-07 10:40:00.000000,7692.96000000,7692.96000000,7690.00000000,7690.01000000,6.67869000
2018-06-07 10:41:00.000000,7690.01000000,7692.00000000,7689.94000000,7690.00000000,7.68712100
2018-06-07 10:42:00.000000,7690.00000000,7691.00000000,7689.65000000,7690.60000000,20.72649000
2018-06-07 10:43:00.000000,7690.99000000,7690.99000000,7687.86000000,7690.50000000,30.44688900
2018-06-07 10:44:00.000000,7687.87000000,7690.50000000,7687.86000000,7690.00000000,6.25313400
2018-06-07 10:45:00.000000,7690.00000000,7690.01000000,7686.31000000,7687.75000000,10.15169200
2018-06-07 10:46:00.000000,7689.00000000,7690.00000000,7687.16000000,7689.67000000,7.22506300
2018-06-07 10:47:00.000000,7689.67000000,7690.00000000,7688.36000000,7689.38000000,14.88566500
2018-06-07 10:48:00.000000,7689.39000000,7690.00000000,7687.38000000,7689.99000000,10.28645700
2018-06-07 10:49:00.000000,7690.00000000,7693.97000000,7689.99000000,7693.97000000,16.19105400
2018-06-07 10:50:00.000000,7693.97000000,7694.50000000,7693.96000000,7693.99000000,4.13917900
2018-06-07 10:51:00.000000,7694.00000000,7699.97000000,7694.00000000,7698.65000000,6.97964600
2018-06-07 10:52:00.000000,7698.65000000,7698.65000000,7695.00000000,7695.01000000,2.00444800
2018-06-07 10:53:00.000000,7695.01000000,7700.00000000,7688.00000000,7692.00000000,11.65039700
2018-06-07 10:54:00.000000,7692.00000000,7700.00000000,7692.00000000,7698.20000000,24.00185900
2018-06-07 10:55:00.000000,7700.00000000,7700.00000000,7693.13000000,7696.00000000,13.00041000
2018-06-07 10:56:00.000000,7696.00000000,7696.00000000,7693.97000000,7694.98000000,9.37791100
2018-06-07 10:57:00.000000,7695.00000000,7695.00000000,7693.97000000,7693.98000000,8.10017000
2018-06-07 10:58:00.000000,7693.98000000,7698.00000000,7693.55000000,7695.00000000,12.29044500
2018-06-07 10:59:00.000000,7694.99000000,7697.98000000,7694.99000000,7695.00000000,18.05850600
2018-06-07 11:00:00.000000,7696.57000000,7698.00000000,7695.00000000,7697.93000000,7.62713400
2018-06-07 11:01:00.000000,7695.16000000,7697.93000000,7695.14000000,7697.92000000,6.93390000
2018-06-07 11:02:00.000000,7697.92000000,7700.00000000,7697.91000000,7699.37000000,4.20185800
2018-06-07 11:03:00.000000,7700.00000000,7700.00000000,7699.37000000,7700.00000000,5.84819900
2018-06-07 11:04:00.000000,7700.00000000,7700.34000000,7699.99000000,7700.34000000,7.16600100
2018-06-07 11:05:00.000000,7700.34000000,7713.34000000,7700.34000000,7710.22000000,14.22205900
2018-06-07 11:06:00.000000,7703.56000000,7710.19000000,7703.50000000,7703.51000000,8.88374200
2018-06-07 11:07:00.000000,7704.14000000,7710.00000000,7695.17000000,7698.03000000,32.85964500
2018-06-07 11:08:00.000000,7698.03000000,7707.99000000,7695.47000000,7706.95000000,24.02768600
2018-06-07 11:09:00.000000,7698.65000000,7706.90000000,7698.65000000,7703.00000000,35.98945200
2018-06-07 11:10:00.000000,7703.24000000,7703.32000000,7699.95000000,7699.96000000,8.74419400
2018-06-07 11:11:00.000000,7701.64000000,7703.32000000,7699.00000000,7699.00000000,5.43384300
2018-06-07 11:12:00.000000,7698.69000000,7700.00000000,7697.02000000,7698.68000000,14.10522000
2018-06-07 11:13:00.000000,7697.86000000,7700.00000000,7695.00000000,7697.05000000,17.21245600
2018-06-07 11:14:00.000000,7698.52000000,7699.50000000,7694.04000000,7697.00000000,18.34923000
2018-06-07 11:15:00.000000,7697.01000000,7699.99000000,7697.00000000,7697.01000000,36.00388600
2018-06-07 11:16:00.000000,7697.02000000,7700.00000000,7697.02000000,7698.53000000,4.30688300
2018-06-07 11:17:00.000000,7697.85000000,7700.00000000,7697.84000000,7699.00000000,6.39577100
2018-06-07 11:18:00.000000,7699.01000000,7704.54000000,7698.82000000,7703.64000000,30.61602800
2018-06-07 11:19:00.000000,7703.64000000,7704.51000000,7699.00000000,7703.61000000,38.59404300
2018-06-07 11:20:00.000000,7699.01000000,7705.39000000,7699.00000000,7703.98000000,36.05660600
2018-06-07 11:21:00.000000,7703.99000000,7705.39000000,7698.81000000,7700.50000000,38.90212100
2018-06-07 11:22:00.000000,7700.50000000,7704.99000000,7698.00000000,7699.36000000,17.22258200
2018-06-07 11:23:00.000000,7699.99000000,7704.40000000,7698.10000000,7704.39000000,8.43381900
2018-06-07 11:24:00.000000,7704.39000000,7704.40000000,7700.00000000,7704.00000000,4.38664400
2018-06-07 11:25:00.000000,7704.00000000,7704.39000000,7701.62000000,7704.00000000,9.30979900
2018-06-07 11:26:00.000000,7704.00000000,7704.99000000,7704.00000000,7704.12000000,10.03646400
2018-06-07 11:27:00.000000,7704.12000000,7707.49000000,7701.51000000,7701.53000000,21.77454100
2018-06-07 11:28:00.000000,7701.53000000,7705.02000000,7701.51000000,7702.56000000,13.16895100
2018-06-07 11:29:00.000000,7705.44000000,7707.48000000,7705.44000000,7705.62000000,9.84414500
2018-06-07 11:30:00.000000,7707.39000000,7707.48000000,7702.56000000,7702.57000000,12.04161100
2018-06-07 11:31:00.000000,7702.65000000,7706.99000000,7702.57000000,7703.04000000,2.43775400
2018-06-07 11:32:00.000000,7705.02000000,7707.00000000,7703.04000000,7705.00000000,6.49049700
2018-06-07 11:33:00.000000,7706.00000000,7707.00000000,7705.00000000,7705.02000000,9.77114100
2018-06-07 11:34:00.000000,7706.99000000,7707.98000000,7705.03000000,7705.16000000,11.13762300
2018-06-07 11:35:00.000000,7706.67000000,7709.30000000,7705.37000000,7708.00000000,23.73559100
2018-06-07 11:36:00.000000,7709.30000000,7710.39000000,7708.00000000,7708.00000000,16.09113800
2018-06-07 11:37:00.000000,7708.04000000,7710.00000000,7703.27000000,7703.27000000,5.35819000
2018-06-07 11:38:00.000000,7707.00000000,7708.27000000,7703.00000000,7707.85000000,4.14994700
2018-06-07 11:39:00.000000,7703.36000000,7707.86000000,7703.02000000,7703.03000000,8.67171300
2018-06-07 11:40:00.000000,7703.03000000,7706.83000000,7703.02000000,7703.06000000,19.33074800
2018-06-07 11:41:00.000000,7703.07000000,7706.77000000,7703.05000000,7705.00000000,28.39770500
2018-06-07 11:42:00.000000,7705.00000000,7705.00000000,7701.52000000,7703.54000000,3.44931400
2018-06-07 11:43:00.000000,7701.52000000,7704.60000000,7700.00000000,7701.01000000,5.16057500
2018-06-07 11:44:00.000000,7703.01000000,7706.77000000,7703.00000000,7704.40000000,9.41151500
2018-06-07 11:45:00.000000,7705.00000000,7705.00000000,7704.40000000,7704.41000000,4.14373600
2018-06-07 11:46:00.000000,7704.42000000,7704.66000000,7692.55000000,7693.99000000,120.17283300
2018-06-07 11:47:00.000000,7693.99000000,7702.94000000,7692.00000000,7693.42000000,8.03677700
2018-06-07 11:48:00.000000,7693.42000000,7693.42000000,7685.74000000,7691.86000000,20.03388500
2018-06-07 11:49:00.000000,7691.82000000,7693.00000000,7685.78000000,7689.00000000,14.48214600
2018-06-07 11:50:00.000000,7689.00000000,7689.00000000,7685.74000000,7688.98000000,9.81916800
2018-06-07 11:51:00.000000,7688.98000000,7689.00000000,7684.99000000,7686.36000000,16.14961800
2018-06-07 11:52:00.000000,7686.36000000,7686.36000000,7684.02000000,7684.25000000,26.19910800
2018-06-07 11:53:00.000000,7684.24000000,7688.88000000,7684.24000000,7687.16000000,28.53659600
2018-06-07 11:54:00.000000,7687.14000000,7695.39000000,7687.13000000,7694.34000000,31.54515700
2018-06-07 11:55:00.000000,7694.34000000,7698.84000000,7692.36000000,7694.84000000,8.79463500
2018-06-07 11:56:00.000000,7694.84000000,7699.31000000,7694.84000000,7699.31000000,7.75259000
2018-06-07 11:57:00.000000,7699.88000000,7699.99000000,7695.00000000,7696.24000000,9.04810900
2018-06-07 11:58:00.000000,7695.01000000,7696.24000000,7693.01000000,7694.42000000,22.20847100
2018-06-07 11:59:00.000000,7693.15000000,7696.23000000,7693.00000000,7696.23000000,29.77829400
2018-06-07 12:00:00.000000,7695.02000000,7696.23000000,7693.00000000,7696.17000000,19.68046600
2018-06-07 12:01:00.000000,7694.59000000,7698.00000000,7693.00000000,7698.00000000,22.82667400
2018-06-07 12:02:00.000000,7698.00000000,7700.00000000,7697.11000000,7700.00000000,6.95322600
2018-06-07 12:03:00.000000,7697.20000000,7700.00000000,7697.20000000,7699.99000000,10.24444900
2018-06-07 12:04:00.000000,7697.23000000,7700.42000000,7697.22000000,7697.23000000,11.36340600
2018-06-07 12:05:00.000000,7697.23000000,7700.42000000,7697.21000000,7697.22000000,8.95365300
2018-06-07 12:06:00.000000,7697.23000000,7699.09000000,7692.01000000,7694.04000000,11.28172400
2018-06-07 12:07:00.000000,7694.16000000,7700.95000000,7694.04000000,7700.95000000,13.78130500
2018-06-07 12:08:00.000000,7695.47000000,7703.32000000,7692.56000000,7701.01000000,12.96776100
2018-06-07 12:09:00.000000,7703.32000000,7704.78000000,7701.00000000,7701.01000000,5.78535800
2018-06-07 12:10:00.000000,7702.51000000,7704.99000000,7697.98000000,7704.99000000,10.07504900
2018-06-07 12:11:00.000000,7704.99000000,7705.00000000,7695.64000000,7701.92000000,16.60059600
2018-06-07 12:12:00.000000,7697.29000000,7701.99000000,7695.60000000,7696.73000000,17.20541500
2018-06-07 12:13:00.000000,7696.74000000,7699.98000000,7695.00000000,7695.62000000,36.29689600
2018-06-07 12:14:00.000000,7698.99000000,7699.99000000,7695.61000000,7699.00000000,31.90166300
2018-06-07 12:15:00.000000,7698.79000000,7699.00000000,7695.07000000,7695.60000000,3.12179100
2018-06-07 12:16:00.000000,7695.60000000,7698.97000000,7695.08000000,7698.00000000,3.52152800
2018-06-07 12:17:00.000000,7697.30000000,7697.30000000,7695.08000000,7696.00000000,3.26052100
2018-06-07 12:18:00.000000,7696.00000000,7696.95000000,7695.09000000,7695.10000000,4.41853000
2018-06-07 12:19:00.000000,7696.05000000,7697.00000000,7695.09000000,7696.99000000,2.40061100
2018-06-07 12:20:00.000000,7696.99000000,7697.00000000,7696.99000000,7697.00000000,4.08463400
2018-06-07 12:21:00.000000,7697.00000000,7697.00000000,7696.68000000,7696.70000000,5.40296500
2018-06-07 12:22:00.000000,7697.00000000,7697.00000000,7695.23000000,7696.47000000,5.89959900
2018-06-07 12:23:00.000000,7696.47000000,7699.97000000,7695.25000000,7699.97000000,8.04593200
2018-06-07 12:24:00.000000,7699.97000000,7705.00000000,7698.82000000,7704.00000000,14.46237100
2018-06-07 12:25:00.000000,7704.99000000,7710.03000000,7701.44000000,7710.00000000,37.02558300
2018-06-07 12:26:00.000000,7710.00000000,7710.03000000,7701.48000000,7707.98000000,17.73849700
2018-06-07 12:27:00.000000,7707.98000000,7716.98000000,7695.00000000,7716.98000000,90.83137300
2018-06-07 12:28:00.000000,7707.11000000,7719.63000000,7706.00000000,7711.03000000,46.70810000
2018-06-07 12:29:00.000000,7711.03000000,7714.69000000,7707.91000000,7710.70000000,6.86027000
2018-06-07 12:30:00.000000,7710.70000000,7711.67000000,7704.98000000,7704.98000000,7.61898900
2018-06-07 12:31:00.000000,7704.59000000,7711.64000000,7695.00000000,7711.00000000,41.40829500
2018-06-07 12:32:00.000000,7711.00000000,7711.00000000,7706.44000000,7707.00000000,4.28481500
2018-06-07 12:33:00.000000,7707.00000000,7710.57000000,7706.87000000,7710.56000000,9.27491700
2018-06-07 12:34:00.000000,7708.00000000,7710.56000000,7705.04000000,7705.04000000,8.58239400
2018-06-07 12:35:00.000000,7705.13000000,7710.00000000,7705.05000000,7706.00000000,2.72365000
2018-06-07 12:36:00.000000,7708.00000000,7710.00000000,7705.00000000,7706.89000000,11.33478300
2018-06-07 12:37:00.000000,7706.89000000,7710.00000000,7705.00000000,7709.56000000,11.28148700
2018-06-07 12:38:00.000000,7709.56000000,7710.00000000,7705.04000000,7709.00000000,8.74004200
2018-06-07 12:39:00.000000,7707.52000000,7709.56000000,7706.04000000,7706.06000000,19.81670500
2018-06-07 12:40:00.000000,7706.06000000,7709.00000000,7706.06000000,7706.09000000,21.93382400
2018-06-07 12:41:00.000000,7706.09000000,7708.98000000,7706.00000000,7706.00000000,13.61136600
2018-06-07 12:42:00.000000,7706.01000000,7711.00000000,7706.00000000,7710.49000000,34.48508300
2018-06-07 12:43:00.000000,7710.49000000,7719.55000000,7708.34000000,7708.34000000,19.35341600
2018-06-07 12:44:00.000000,7708.17000000,7713.86000000,7706.99000000,7708.77000000,3.09178600
2018-06-07 12:45:00.000000,7710.11000000,7710.49000000,7708.77000000,7710.49000000,10.47662800
2018-06-07 12:46:00.000000,7710.45000000,7714.00000000,7710.00000000,7710.88000000,4.89693900
2018-06-07 12:47:00.000000,7710.88000000,7714.31000000,7710.01000000,7710.96000000,4.15662900
2018-06-07 12:48:00.000000,7713.66000000,7715.00000000,7710.02000000,7712.99000000,6.11761900
2018-06-07 12:49:00.000000,7713.00000000,7740.90000000,7710.02000000,7725.00000000,97.10798400
2018-06-07 12:50:00.000000,7725.00000000,7730.47000000,7710.01000000,7715.87000000,10.56652500
2018-06-07 12:51:00.000000,7712.27000000,7716.78000000,7710.50000000,7716.60000000,6.50905800
2018-06-07 12:52:00.000000,7716.59000000,7716.73000000,7711.01000000,7713.41000000,10.51625600
2018-06-07 12:53:00.000000,7715.99000000,7720.76000000,7713.00000000,7715.32000000,5.04660600
2018-06-07 12:54:00.000000,7715.32000000,7720.46000000,7713.44000000,7714.01000000,9.35715100
2018-06-07 12:55:00.000000,7715.00000000,7715.00000000,7712.00000000,7714.98000000,16.25159900
2018-06-07 12:56:00.000000,7714.98000000,7714.99000000,7710.75000000,7714.91000000,5.95618600
2018-06-07 12:57:00.000000,7714.91000000,7714.99000000,7710.52000000,7714.98000000,38.36567400
2018-06-07 12:58:00.000000,7713.99000000,7713.99000000,7705.04000000,7705.10000000,34.72838000
2018-06-07 12:59:00.000000,7710.77000000,7711.31000000,7705.11000000,7705.85000000,49.20418000
2018-06-07 13:00:00.000000,7710.00000000,7710.77000000,7705.83000000,7710.77000000,26.84128300
2018-06-07 13:01:00.000000,7710.77000000,7713.00000000,7708.43000000,7713.00000000,18.15976400
2018-06-07 13:02:00.000000,7711.55000000,7713.00000000,7708.43000000,7711.56000000,18.41659700
2018-06-07 13:03:00.000000,7712.90000000,7712.90000000,7711.56000000,7711.56000000,5.29132200
2018-06-07 13:04:00.000000,7712.99000000,7713.00000000,7710.00000000,7711.57000000,3.56107100
2018-06-07 13:05:00.000000,7712.27000000,7712.99000000,7708.43000000,7712.99000000,5.08869200
2018-06-07 13:06:00.000000,7712.99000000,7713.00000000,7711.58000000,7712.98000000,6.37488600
2018-06-07 13:07:00.000000,7712.49000000,7720.76000000,7712.01000000,7715.03000000,39.51298400
2018-06-07 13:08:00.000000,7715.03000000,7720.76000000,7715.03000000,7720.75000000,41.08634000
2018-06-07 13:09:00.000000,7720.75000000,7724.46000000,7716.37000000,7721.21000000,28.96584900
2018-06-07 13:10:00.000000,7721.21000000,7724.38000000,7720.18000000,7721.00000000,6.35803500
2018-06-07 13:11:00.000000,7721.00000000,7722.74000000,7715.00000000,7718.20000000,16.09284700
2018-06-07 13:12:00.000000,7718.20000000,7718.20000000,7715.50000000,7716.92000000,9.87002700
2018-06-07 13:13:00.000000,7715.51000000,7715.51000000,7711.57000000,7711.57000000,19.22448700
2018-06-07 13:14:00.000000,7713.98000000,7717.00000000,7711.02000000,7715.47000000,14.52007900
2018-06-07 13:15:00.000000,7715.47000000,7715.47000000,7711.69000000,7714.99000000,8.63791300
2018-06-07 13:16:00.000000,7714.99000000,7714.99000000,7710.01000000,7714.99000000,12.37834100
2018-06-07 13:17:00.000000,7714.99000000,7715.00000000,7710.02000000,7712.07000000,19.82305000
2018-06-07 13:18:00.000000,7712.07000000,7715.00000000,7711.02000000,7714.99000000,32.54461300
2018-06-07 13:19:00.000000,7713.30000000,7714.99000000,7713.30000000,7714.98000000,18.35286200
2018-06-07 13:20:00.000000,7714.99000000,7714.99000000,7713.35000000,7714.98000000,14.36442400
2018-06-07 13:21:00.000000,7713.46000000,7714.98000000,7713.46000000,7714.95000000,11.01021700
2018-06-07 13:22:00.000000,7714.95000000,7715.00000000,7714.27000000,7715.00000000,14.81554500
2018-06-07 13:23:00.000000,7714.65000000,7715.47000000,7714.30000000,7715.47000000,6.81496000
2018-06-07 13:24:00.000000,7715.46000000,7718.00000000,7715.00000000,7717.01000000,2.82113100
2018-06-07 13:25:00.000000,7718.00000000,7720.00000000,7717.01000000,7718.99000000,3.67192500
2018-06-07 13:26:00.000000,7718.12000000,7719.00000000,7717.00000000,7717.00000000,10.09385400
2018-06-07 13:27:00.000000,7717.00000000,7717.00000000,7714.32000000,7715.00000000,5.15883100
2018-06-07 13:28:00.000000,7714.33000000,7717.00000000,7713.38000000,7713.40000000,6.44598700
2018-06-07 13:29:00.000000,7716.00000000,7716.00000000,7713.40000000,7714.99000000,29.60296000
2018-06-07 13:30:00.000000,7714.24000000,7714.99000000,7712.20000000,7712.20000000,24.09895500
2018-06-07 13:31:00.000000,7714.98000000,7714.98000000,7710.00000000,7713.98000000,15.70087100
2018-06-07 13:32:00.000000,7713.97000000,7716.00000000,7710.49000000,7711.01000000,11.61877000
2018-06-07 13:33:00.000000,7711.01000000,7713.96000000,7710.01000000,7713.87000000,11.99327200
2018-06-07 13:34:00.000000,7713.87000000,7713.88000000,7710.01000000,7712.01000000,23.62517700
2018-06-07 13:35:00.000000,7711.94000000,7720.00000000,7710.96000000,7712.64000000,11.40094600
2018-06-07 13:36:00.000000,7712.47000000,7718.47000000,7710.01000000,7713.00000000,3.07341400
2018-06-07 13:37:00.000000,7713.00000000,7714.71000000,7705.39000000,7707.30000000,15.98326400
2018-06-07 13:38:00.000000,7707.30000000,7707.30000000,7700.00000000,7704.53000000,70.51269400
2018-06-07 13:39:00.000000,7701.55000000,7715.00000000,7701.54000000,7713.10000000,9.52352800
2018-06-07 13:40:00.000000,7711.21000000,7713.10000000,7704.50000000,7712.29000000,13.40137400
2018-06-07 13:41:00.000000,7708.10000000,7713.09000000,7701.54000000,7710.00000000,19.53946200
2018-06-07 13:42:00.000000,7710.00000000,7713.09000000,7707.79000000,7708.01000000,32.12549300
2018-06-07 13:43:00.000000,7708.01000000,7713.41000000,7708.00000000,7713.05000000,18.20089000
2018-06-07 13:44:00.000000,7710.53000000,7712.94000000,7700.00000000,7712.08000000,23.56294200
2018-06-07 13:45:00.000000,7707.64000000,7712.08000000,7703.98000000,7711.02000000,11.24867100
2018-06-07 13:46:00.000000,7711.00000000,7711.01000000,7700.00000000,7708.00000000,7.09821900
2018-06-07 13:47:00.000000,7708.00000000,7711.00000000,7700.34000000,7701.95000000,6.05710900
2018-06-07 13:48:00.000000,7701.95000000,7704.99000000,7700.32000000,7701.45000000,10.92367700
2018-06-07 13:49:00.000000,7701.45000000,7705.00000000,7700.02000000,7705.00000000,13.12306300
2018-06-07 13:50:00.000000,7706.00000000,7710.93000000,7700.00000000,7704.99000000,22.12478600
2018-06-07 13:51:00.000000,7707.47000000,7709.94000000,7701.46000000,7708.85000000,8.15425500
2018-06-07 13:52:00.000000,7705.16000000,7706.57000000,7700.01000000,7700.01000000,12.71325300
2018-06-07 13:53:00.000000,7700.01000000,7704.52000000,7700.00000000,7700.00000000,19.44461700
2018-06-07 13:54:00.000000,7700.00000000,7704.44000000,7695.00000000,7697.77000000,46.36970200
2018-06-07 13:55:00.000000,7697.76000000,7697.79000000,7695.00000000,7697.46000000,10.15579200
2018-06-07 13:56:00.000000,7697.46000000,7700.00000000,7696.79000000,7697.07000000,2.81807900
2018-06-07 13:57:00.000000,7699.99000000,7699.99000000,7696.81000000,7699.00000000,8.09056000
2018-06-07 13:58:00.000000,7699.01000000,7699.70000000,7699.00000000,7699.06000000,14.52419100
2018-06-07 13:59:00.000000,7699.01000000,7699.70000000,7696.30000000,7699.00000000,9.95679700
2018-06-07 14:00:00.000000,7699.01000000,7703.41000000,7699.00000000,7703.41000000,18.90278400
2018-06-07 14:01:00.000000,7703.41000000,7710.00000000,7699.00000000,7702.08000000,11.45122200
2018-06-07 14:02:00.000000,7709.99000000,7710.00000000,7705.23000000,7706.00000000,4.69663000
2018-06-07 14:03:00.000000,7707.70000000,7709.89000000,7705.81000000,7705.86000000,5.76645900
2018-06-07 14:04:00.000000,7705.83000000,7709.73000000,7705.81000000,7709.73000000,2.36928000
2018-06-07 14:05:00.000000,7705.81000000,7709.40000000,7701.55000000,7709.22000000,1.35127600
2018-06-07 14:06:00.000000,7705.77000000,7709.22000000,7703.34000000,7707.75000000,3.23634500
2018-06-07 14:07:00.000000,7707.75000000,7707.75000000,7703.85000000,7706.99000000,6.30899000
2018-06-07 14:08:00.000000,7705.00000000,7706.87000000,7705.00000000,7705.02000000,6.56124000
2018-06-07 14:09:00.000000,7705.01000000,7706.00000000,7703.86000000,7704.03000000,8.05748500
2018-06-07 14:10:00.000000,7704.03000000,7708.00000000,7700.11000000,7700.22000000,8.11199500
2018-06-07 14:11:00.000000,7702.03000000,7703.86000000,7697.55000000,7703.86000000,7.44449700
2018-06-07 14:12:00.000000,7703.86000000,7706.66000000,7698.99000000,7706.60000000,5.02008700
2018-06-07 14:13:00.000000,7706.60000000,7707.74000000,7703.86000000,7707.70000000,6.96899800
2018-06-07 14:14:00.000000,7706.07000000,7707.74000000,7706.03000000,7707.74000000,3.11133500
2018-06-07 14:15:00.000000,7706.93000000,7708.00000000,7706.13000000,7707.79000000,2.38508800
2018-06-07 14:16:00.000000,7707.79000000,7708.00000000,7705.00000000,7706.10000000,3.89691000
2018-06-07 14:17:00.000000,7706.98000000,7706.98000000,7700.53000000,7701.85000000,3.44296500
2018-06-07 14:18:00.000000,7705.94000000,7707.00000000,7701.34000000,7706.01000000,5.20404500
2018-06-07 14:19:00.000000,7701.60000000,7707.78000000,7701.59000000,7701.60000000,8.01121500
2018-06-07 14:20:00.000000,7701.60000000,7707.78000000,7699.00000000,7707.75000000,22.06069800
2018-06-07 14:21:00.000000,7704.77000000,7706.24000000,7700.37000000,7704.74000000,14.43003500
2018-06-07 14:22:00.000000,7704.75000000,7706.24000000,7700.38000000,7704.74000000,21.65138500
2018-06-07 14:23:00.000000,7702.65000000,7704.83000000,7700.40000000,7704.66000000,13.46473300
2018-06-07 14:24:00.000000,7704.67000000,7705.88000000,7700.41000000,7700.71000000,5.06517900
2018-06-07 14:25:00.000000,7700.72000000,7706.20000000,7700.00000000,7700.71000000,11.40373400
2018-06-07 14:26:00.000000,7700.71000000,7700.71000000,7680.00000000,7680.00000000,122.40536300
2018-06-07 14:27:00.000000,7680.00000000,7680.02000000,7651.21000000,7669.98000000,179.16933000
2018-06-07 14:28:00.000000,7669.98000000,7676.75000000,7667.00000000,7676.75000000,33.80920700
2018-06-07 14:29:00.000000,7676.75000000,7683.98000000,7676.74000000,7680.01000000,13.75305200
2018-06-07 14:30:00.000000,7680.01000000,7681.00000000,7677.00000000,7679.99000000,10.20968600
2018-06-07 14:31:00.000000,7679.59000000,7685.99000000,7679.59000000,7683.00000000,15.57754200
2018-06-07 14:32:00.000000,7683.99000000,7698.03000000,7678.71000000,7679.67000000,13.49566700
2018-06-07 14:33:00.000000,7680.00000000,7687.29000000,7679.67000000,7680.09000000,13.34960400
2018-06-07 14:34:00.000000,7680.10000000,7694.16000000,7680.10000000,7686.00000000,18.89234000
2018-06-07 14:35:00.000000,7686.00000000,7699.00000000,7686.00000000,7688.89000000,32.29104100
2018-06-07 14:36:00.000000,7696.00000000,7697.23000000,7689.01000000,7697.00000000,8.28450400
2018-06-07 14:37:00.000000,7696.95000000,7696.97000000,7691.01000000,7696.96000000,10.74020400
2018-06-07 14:38:00.000000,7695.81000000,7700.71000000,7692.51000000,7700.53000000,14.26314800
2018-06-07 14:39:00.000000,7700.53000000,7700.53000000,7688.00000000,7694.48000000,15.58444400
2018-06-07 14:40:00.000000,7696.01000000,7698.00000000,7692.00000000,7693.53000000,7.73713900
2018-06-07 14:41:00.000000,7693.53000000,7694.85000000,7688.16000000,7689.48000000,6.17879300
2018-06-07 14:42:00.000000,7690.34000000,7698.00000000,7688.27000000,7695.30000000,8.72912000
2018-06-07 14:43:00.000000,7695.30000000,7695.30000000,7690.04000000,7692.96000000,4.60434100
2018-06-07 14:44:00.000000,7692.00000000,7695.00000000,7691.87000000,7693.77000000,10.38154800
2018-06-07 14:45:00.000000,7692.82000000,7693.79000000,7688.88000000,7688.88000000,15.71511600
2018-06-07 14:46:00.000000,7691.81000000,7691.81000000,7682.33000000,7687.97000000,18.26557200
2018-06-07 14:47:00.000000,7687.97000000,7688.10000000,7675.00000000,7678.21000000,18.02500900
2018-06-07 14:48:00.000000,7678.21000000,7682.52000000,7669.84000000,7680.00000000,29.93249500
2018-06-07 14:49:00.000000,7680.00000000,7693.10000000,7674.00000000,7688.32000000,29.23976400
2018-06-07 14:50:00.000000,7688.31000000,7691.00000000,7682.33000000,7685.14000000,34.90965900
2018-06-07 14:51:00.000000,7688.01000000,7692.17000000,7685.11000000,7689.06000000,51.81554700
2018-06-07 14:52:00.000000,7689.05000000,7692.99000000,7687.17000000,7692.98000000,4.31038900
2018-06-07 14:53:00.000000,7688.17000000,7692.47000000,7685.21000000,7687.21000000,12.17616200
2018-06-07 14:54:00.000000,7687.21000000,7690.00000000,7685.33000000,7689.97000000,43.50334800
2018-06-07 14:55:00.000000,7689.97000000,7692.46000000,7687.25000000,7689.78000000,45.81721900
2018-06-07 14:56:00.000000,7689.78000000,7695.00000000,7688.43000000,7688.51000000,7.29461200
2018-06-07 14:57:00.000000,7690.00000000,7690.00000000,7686.22000000,7686.43000000,5.91690500
2018-06-07 14:58:00.000000,7690.00000000,7693.00000000,7686.45000000,7688.02000000,2.25976700
2018-06-07 14:59:00.000000,7688.01000000,7693.00000000,7686.23000000,7690.00000000,8.76205900
2018-06-07 15:00:00.000000,7691.34000000,7692.00000000,7686.22000000,7687.02000000,8.18922000
2018-06-07 15:01:00.000000,7689.15000000,7689.16000000,7686.22000000,7686.22000000,8.56878800
2018-06-07 15:02:00.000000,7689.00000000,7689.00000000,7678.92000000,7687.99000000,14.90994400
2018-06-07 15:03:00.000000,7687.99000000,7687.99000000,7683.39000000,7684.17000000,2.94086600
2018-06-07 15:04:00.000000,7684.20000000,7688.99000000,7684.20000000,7688.99000000,17.81554100
2018-06-07 15:05:00.000000,7687.38000000,7693.00000000,7687.38000000,7692.75000000,17.36837200
2018-06-07 15:06:00.000000,7693.00000000,7697.65000000,7687.41000000,7687.41000000,15.80220600
2018-06-07 15:07:00.000000,7688.00000000,7692.98000000,7685.00000000,7690.00000000,2.91837900
2018-06-07 15:08:00.000000,7685.09000000,7690.45000000,7685.08000000,7685.38000000,11.00768900
2018-06-07 15:09:00.000000,7687.92000000,7690.44000000,7685.04000000,7686.05000000,15.49180500
2018-06-07 15:10:00.000000,7687.71000000,7689.37000000,7685.05000000,7685.06000000,7.29917800
2018-06-07 15:11:00.000000,7685.05000000,7685.06000000,7681.12000000,7685.06000000,11.26167100
2018-06-07 15:12:00.000000,7682.12000000,7687.63000000,7682.12000000,7687.62000000,6.25765700
2018-06-07 15:13:00.000000,7685.06000000,7688.98000000,7685.06000000,7687.63000000,8.09980100
2018-06-07 15:14:00.000000,7687.63000000,7688.21000000,7685.06000000,7685.07000000,6.43303700
2018-06-07 15:15:00.000000,7685.06000000,7688.00000000,7681.12000000,7684.98000000,9.38753100
2018-06-07 15:16:00.000000,7681.12000000,7685.01000000,7674.68000000,7674.94000000,58.50942500
2018-06-07 15:17:00.000000,7674.68000000,7680.84000000,7666.86000000,7676.60000000,35.56728700
2018-06-07 15:18:00.000000,7676.60000000,7679.00000000,7671.89000000,7679.00000000,5.88119400
2018-06-07 15:19:00.000000,7679.00000000,7679.00000000,7672.11000000,7678.20000000,4.80779300
2018-06-07 15:20:00.000000,7678.20000000,7678.21000000,7672.21000000,7678.04000000,21.20578600
2018-06-07 15:21:00.000000,7678.04000000,7688.00000000,7675.53000000,7680.00000000,4.99527100
2018-06-07 15:22:00.000000,7680.01000000,7689.00000000,7675.78000000,7682.75000000,8.77867200
2018-06-07 15:23:00.000000,7684.11000000,7688.81000000,7680.76000000,7684.81000000,5.20022900
2018-06-07 15:24:00.000000,7682.82000000,7686.60000000,7680.84000000,7686.59000000,2.13608600
2018-06-07 15:25:00.000000,7683.88000000,7684.76000000,7682.08000000,7683.00000000,5.09511800
2018-06-07 15:26:00.000000,7683.88000000,7684.76000000,7681.01000000,7682.53000000,4.08604100
2018-06-07 15:27:00.000000,7682.53000000,7682.53000000,7671.00000000,7674.01000000,8.53465300
2018-06-07 15:28:00.000000,7674.01000000,7679.96000000,7671.01000000,7674.00000000,10.99755600
2018-06-07 15:29:00.000000,7674.00000000,7674.00000000,7665.00000000,7665.02000000,32.62581700
2018-06-07 15:30:00.000000,7665.05000000,7674.02000000,7665.05000000,7670.98000000,7.56190300
2018-06-07 15:31:00.000000,7670.98000000,7672.00000000,7669.02000000,7672.00000000,5.47585400
2018-06-07 15:32:00.000000,7672.00000000,7682.01000000,7672.00000000,7677.22000000,9.77920300
2018-06-07 15:33:00.000000,7680.83000000,7682.01000000,7669.12000000,7677.01000000,18.61999200
2018-06-07 15:34:00.000000,7679.98000000,7680.00000000,7673.30000000,7677.00000000,5.81180300
2018-06-07 15:35:00.000000,7676.99000000,7677.00000000,7673.33000000,7676.97000000,2.61568100
2018-06-07 15:36:00.000000,7676.97000000,7676.98000000,7669.12000000,7675.99000000,9.37169300
2018-06-07 15:37:00.000000,7675.99000000,7676.00000000,7671.81000000,7675.83000000,3.28225800
2018-06-07 15:38:00.000000,7675.83000000,7675.83000000,7672.11000000,7672.11000000,5.86167700
2018-06-07 15:39:00.000000,7672.12000000,7673.76000000,7670.43000000,7671.00000000,8.19644400
2018-06-07 15:40:00.000000,7670.45000000,7679.99000000,7669.01000000,7675.40000000,21.43472600
2018-06-07 15:41:00.000000,7680.00000000,7686.02000000,7675.43000000,7683.96000000,7.49155400
2018-06-07 15:42:00.000000,7679.19000000,7684.00000000,7679.19000000,7683.98000000,6.33125000
2018-06-07 15:43:00.000000,7683.99000000,7688.59000000,7680.33000000,7688.59000000,6.05286100
2018-06-07 15:44:00.000000,7685.00000000,7688.71000000,7684.00000000,7686.45000000,5.69985000
2018-06-07 15:45:00.000000,7686.45000000,7688.99000000,7685.01000000,7685.04000000,4.57116200
2018-06-07 15:46:00.000000,7688.93000000,7689.00000000,7685.05000000,7688.40000000,5.22936200
2018-06-07 15:47:00.000000,7688.41000000,7688.41000000,7685.01000000,7688.38000000,9.81493200
2018-06-07 15:48:00.000000,7685.03000000,7688.40000000,7685.00000000,7688.33000000,11.27731900
2018-06-07 15:49:00.000000,7688.39000000,7688.42000000,7685.08000000,7685.08000000,6.33566700
2018-06-07 15:50:00.000000,7685.08000000,7709.89000000,7685.08000000,7707.08000000,39.11447100
2018-06-07 15:51:00.000000,7700.06000000,7709.89000000,7694.27000000,7700.02000000,13.30882800
2018-06-07 15:52:00.000000,7700.02000000,7710.00000000,7692.54000000,7703.50000000,24.96352200
2018-06-07 15:53:00.000000,7700.06000000,7709.99000000,7700.05000000,7701.08000000,6.97045000
2018-06-07 15:54:00.000000,7705.99000000,7706.95000000,7701.08000000,7706.91000000,1.36468400
