Date,Open,High,Low,Close,Volume
2018-02-09 09:59:15.417000,0.04754900,0.04790000,0.04754900,0.04790000,47.82900000
2018-02-09 10:00:15.417000,0.04770600,0.04931700,0.04770600,0.04930300,145.59700000
2018-02-09 10:01:15.417000,0.04931700,0.05000000,0.04931700,0.04990000,348.59700000
2018-02-09 10:02:15.417000,0.05000000,0.05100000,0.04968300,0.05080200,250.97800000
2018-02-09 10:03:15.417000,0.05090000,0.05151900,0.05090000,0.05140000,169.93700000
2018-02-09 10:04:15.417000,0.05139900,0.05200000,0.05130100,0.05140200,203.89600000
2018-02-09 10:05:15.417000,0.05140300,0.05179900,0.05130100,0.05179900,23.70300000
2018-02-09 10:06:15.417000,0.05179800,0.05180000,0.05140900,0.05178800,37.24100000
2018-02-09 10:07:15.417000,0.05178700,0.05178700,0.05141100,0.05142900,27.43400000
2018-02-09 10:08:15.417000,0.05170000,0.05178400,0.05143600,0.05145500,39.45400000
2018-02-09 10:09:15.417000,0.05145200,0.05178400,0.05145200,0.05150900,26.08800000
2018-02-09 10:10:15.417000,0.05151000,0.05178400,0.05151000,0.05178300,15.97200000
2018-02-09 10:11:15.417000,0.05152800,0.05198800,0.05152800,0.05179000,19.08900000
2018-02-09 10:12:15.417000,0.05179100,0.05198800,0.05179000,0.05179000,7.19000000
2018-02-09 10:13:15.417000,0.05179000,0.05194900,0.05165100,0.05165100,11.82400000
2018-02-09 10:14:15.417000,0.05165400,0.05194400,0.05152800,0.05152800,18.14300000
2018-02-09 10:15:15.417000,0.05191700,0.05194800,0.05152800,0.05153600,8.82000000
2018-02-09 10:16:15.417000,0.05163800,0.05193000,0.05153600,0.05153900,5.64200000
2018-02-09 10:17:15.417000,0.05154000,0.05166300,0.05154000,0.05166300,2.89400000
2018-02-09 10:18:15.417000,0.05166300,0.05180000,0.05166300,0.05180000,12.47900000
2018-02-09 10:19:15.417000,0.05180000,0.05180000,0.05166300,0.05166300,6.72700000
2018-02-09 10:20:15.417000,0.05160000,0.05180000,0.05153300,0.05170000,12.84700000
2018-02-09 10:21:15.417000,0.05153600,0.05170000,0.05138700,0.05138700,47.31800000
2018-02-09 10:22:15.417000,0.05138700,0.05153600,0.05129800,0.05129800,52.76400000
2018-02-09 10:23:15.417000,0.05129800,0.05156900,0.05090200,0.05129800,58.71700000
2018-02-09 10:24:15.417000,0.05123400,0.05156800,0.05091700,0.05102100,58.83300000
2018-02-09 10:25:15.417000,0.05102100,0.05154800,0.05087600,0.05140900,28.67600000
2018-02-09 10:26:15.417000,0.05140200,0.05140200,0.05044200,0.05045100,24.32900000
2018-02-09 10:27:15.417000,0.05091400,0.05133000,0.05045800,0.05073300,10.04000000
2018-02-09 10:28:15.417000,0.05126500,0.05126500,0.05073800,0.05123400,13.98500000
2018-02-09 10:29:15.417000,0.05109800,0.05169100,0.05091400,0.05091400,50.42900000
2018-02-09 10:30:15.417000,0.05092700,0.05135800,0.05092700,0.05095500,7.41400000
2018-02-09 10:31:15.417000,0.05096300,0.05161900,0.05096300,0.05161600,5.08600000
2018-02-09 10:32:15.417000,0.05149900,0.05149900,0.05134600,0.05134600,2.78600000
2018-02-09 10:33:15.417000,0.05117300,0.05134400,0.05117300,0.05134400,3.75800000
2018-02-09 10:34:15.417000,0.05134400,0.05140000,0.05115500,0.05130000,28.84200000
2018-02-09 10:35:15.417000,0.05130000,0.05130000,0.05100000,0.05100000,18.16700000
2018-02-09 10:36:15.417000,0.05084900,0.05100200,0.05080500,0.05100000,2.44300000
2018-02-09 10:37:15.417000,0.05100000,0.05137800,0.05085100,0.05137800,4.01700000
2018-02-09 10:38:15.417000,0.05092100,0.05137800,0.05075000,0.05075000,15.29200000
2018-02-09 10:39:15.417000,0.05075000,0.05092300,0.05050700,0.05064500,52.74300000
2018-02-09 10:40:15.417000,0.05064500,0.05089100,0.05000400,0.05087800,65.28100000
2018-02-09 10:41:15.417000,0.05060400,0.05092500,0.05060000,0.05089900,47.69200000
2018-02-09 10:42:15.417000,0.05089900,0.05089900,0.05031500,0.05051200,20.02400000
2018-02-09 10:43:15.417000,0.05051200,0.05089200,0.05032300,0.05047500,23.36100000
2018-02-09 10:44:15.417000,0.05048000,0.05084900,0.05048000,0.05082000,7.77000000
2018-02-09 10:45:15.417000,0.05050900,0.05089900,0.05050900,0.05055100,37.55300000
2018-02-09 10:46:15.417000,0.05055300,0.05089900,0.05055300,0.05085800,23.53200000
2018-02-09 10:47:15.417000,0.05089900,0.05089900,0.05085800,0.05089900,19.57200000
2018-02-09 10:48:15.417000,0.05085800,0.05089900,0.05060200,0.05062300,47.37800000
2018-02-09 10:49:15.417000,0.05062300,0.05088900,0.05062200,0.05084600,13.49100000
2018-02-09 10:50:15.417000,0.05084900,0.05084900,0.05084500,0.05084500,12.76600000
2018-02-09 10:51:15.417000,0.05084500,0.05089000,0.05084500,0.05089000,19.54100000
2018-02-09 10:52:15.417000,0.05084600,0.05089000,0.05084600,0.05089000,3.20100000
2018-02-09 10:53:15.417000,0.05084600,0.05089000,0.05084600,0.05089000,0.28200000
2018-02-09 10:54:15.417000,0.05089000,0.05089000,0.05086500,0.05088900,45.74300000
2018-02-09 10:55:15.417000,0.05088900,0.05089900,0.05086500,0.05089900,39.25800000
2018-02-09 10:56:15.417000,0.05088000,0.05089900,0.05086500,0.05089900,48.07900000
2018-02-09 10:57:15.417000,0.05089900,0.05089900,0.05084600,0.05089900,31.99800000
2018-02-09 10:58:15.417000,0.05084600,0.05089900,0.05084600,0.05089900,8.02600000
2018-02-09 10:59:15.417000,0.05089800,0.05089900,0.05089800,0.05089900,36.01900000
2018-02-09 11:00:15.417000,0.05089900,0.05089900,0.05084600,0.05089900,14.84300000
2018-02-09 11:01:15.417000,0.05084600,0.05089900,0.05084600,0.05084600,2.38600000
2018-02-09 11:02:15.417000,0.05089900,0.05100000,0.05089900,0.05100000,43.52700000
2018-02-09 11:03:15.417000,0.05100000,0.05125000,0.05100000,0.05101000,3.39100000
2018-02-09 11:04:15.417000,0.05101100,0.05132700,0.05101100,0.05132700,13.02500000
2018-02-09 11:05:15.417000,0.05130000,0.05132700,0.05126200,0.05132600,32.05600000
2018-02-09 11:06:15.417000,0.05126200,0.05126200,0.05101100,0.05126000,22.44700000
2018-02-09 11:07:15.417000,0.05101200,0.05126100,0.05101200,0.05126100,3.29800000
2018-02-09 11:08:15.417000,0.05126100,0.05150000,0.05126100,0.05149700,22.79200000
2018-02-09 11:09:15.417000,0.05150000,0.05156600,0.05101100,0.05102500,31.40700000
2018-02-09 11:10:15.417000,0.05102500,0.05148600,0.05101100,0.05103200,10.24800000
2018-02-09 11:11:15.417000,0.05147800,0.05147800,0.05105200,0.05145500,2.63500000
2018-02-09 11:12:15.417000,0.05105500,0.05145500,0.05105500,0.05143800,2.52300000
2018-02-09 11:13:15.417000,0.05110400,0.05141100,0.05110400,0.05116600,6.77400000
2018-02-09 11:14:15.417000,0.05116600,0.05135000,0.05116600,0.05135000,0.51900000
2018-02-09 11:15:15.417000,0.05134900,0.05135000,0.05116900,0.05135000,1.07500000
2018-02-09 11:16:15.417000,0.05119100,0.05119100,0.05116500,0.05116500,2.24000000
2018-02-09 11:17:15.417000,0.05133400,0.05133400,0.05115000,0.05133400,0.95900000
2018-02-09 11:18:15.417000,0.05134900,0.05139900,0.05110600,0.05139900,4.74100000
2018-02-09 11:19:15.417000,0.05139900,0.05139900,0.05132700,0.05132700,0.86400000
2018-02-09 11:20:15.417000,0.05119500,0.05132500,0.05117600,0.05132500,1.33300000
2018-02-09 11:21:15.417000,0.05132500,0.05139800,0.05107200,0.05139500,1.20400000
2018-02-09 11:22:15.417000,0.05139200,0.05139200,0.05109500,0.05134500,0.59100000
2018-02-09 11:23:15.417000,0.05134500,0.05134900,0.05134500,0.05134900,0.97000000
2018-02-09 11:24:15.417000,0.05138900,0.05138900,0.05130000,0.05134300,4.35200000
2018-02-09 11:25:15.417000,0.05134300,0.05134900,0.05134300,0.05134900,3.36800000
2018-02-09 11:26:15.417000,0.05134900,0.05134900,0.05132200,0.05134300,5.12400000
2018-02-09 11:27:15.417000,0.05134300,0.05134300,0.05114200,0.05132200,6.34200000
2018-02-09 11:28:15.417000,0.05132200,0.05138900,0.05120000,0.05138900,4.33200000
2018-02-09 11:29:15.417000,0.05122100,0.05138900,0.05116100,0.05117600,1.55500000
2018-02-09 11:30:15.417000,0.05137500,0.05138900,0.05137500,0.05138900,1.18400000
2018-02-09 11:31:15.417000,0.05137500,0.05138900,0.05137500,0.05138900,4.75500000
2018-02-09 11:32:15.417000,0.05139900,0.05141100,0.05118800,0.05141100,0.77800000
2018-02-09 11:33:15.417000,0.05141100,0.05150000,0.05121300,0.05150000,34.65900000
2018-02-09 11:34:15.417000,0.05149000,0.05150000,0.05121000,0.05148100,4.92700000
2018-02-09 11:35:15.417000,0.05145000,0.05145000,0.05121800,0.05142900,1.12000000
2018-02-09 11:36:15.417000,0.05149900,0.05149900,0.05123600,0.05149900,0.43800000
2018-02-09 11:37:15.417000,0.05149900,0.05149900,0.05125200,0.05125200,6.96200000
2018-02-09 11:38:15.417000,0.05125800,0.05150000,0.05125800,0.05149900,3.25600000
2018-02-09 11:39:15.417000,0.05149900,0.05154500,0.05149900,0.05154400,2.23400000
2018-02-09 11:40:15.417000,0.05152000,0.05154400,0.05152000,0.05154400,0.79600000
2018-02-09 11:41:15.417000,0.05154400,0.05154400,0.05132200,0.05132500,3.03900000
2018-02-09 11:42:15.417000,0.05154300,0.05154500,0.05129700,0.05132700,3.97000000
2018-02-09 11:43:15.417000,0.05133800,0.05146700,0.05133700,0.05146700,2.84800000
2018-02-09 11:44:15.417000,0.05146700,0.05154500,0.05139900,0.05154500,3.13900000
2018-02-09 11:45:15.417000,0.05154500,0.05156600,0.05154500,0.05156600,9.16000000
2018-02-09 11:46:15.417000,0.05156600,0.05156600,0.05156000,0.05156000,2.18000000
2018-02-09 11:47:15.417000,0.05155500,0.05156000,0.05126100,0.05154300,25.47800000
2018-02-09 11:48:15.417000,0.05154200,0.05156000,0.05154200,0.05155600,20.77600000
2018-02-09 11:49:15.417000,0.05156000,0.05156000,0.05154300,0.05154300,18.48100000
2018-02-09 11:50:15.417000,0.05155600,0.05156000,0.05154300,0.05155600,3.43200000
2018-02-09 11:51:15.417000,0.05155600,0.05156600,0.05155600,0.05156600,4.33200000
2018-02-09 11:52:15.417000,0.05156600,0.05170000,0.05155700,0.05170000,8.94700000
2018-02-09 11:53:15.417000,0.05167900,0.05180000,0.05167900,0.05180000,14.36700000
2018-02-09 11:54:15.417000,0.05180000,0.05189700,0.05180000,0.05189700,21.50800000
2018-02-09 11:55:15.417000,0.05189700,0.05189800,0.05189700,0.05189800,17.14900000
2018-02-09 11:56:15.417000,0.05189700,0.05194800,0.05189700,0.05194800,6.53100000
2018-02-09 11:57:15.417000,0.05194800,0.05204800,0.05190000,0.05200000,111.06100000
2018-02-09 11:58:15.417000,0.05200000,0.05250000,0.05200000,0.05208100,88.77900000
2018-02-09 11:59:15.417000,0.05208500,0.05251500,0.05208500,0.05209000,18.08900000
2018-02-09 12:00:15.417000,0.05209000,0.05230400,0.05209000,0.05210000,3.19700000
2018-02-09 12:01:15.417000,0.05230100,0.05231000,0.05211300,0.05213600,3.89100000
2018-02-09 12:02:15.417000,0.05213600,0.05230100,0.05213600,0.05214000,33.00300000
2018-02-09 12:03:15.417000,0.05214400,0.05230000,0.05214400,0.05214600,5.26100000
2018-02-09 12:04:15.417000,0.05214700,0.05229800,0.05214700,0.05224300,27.75900000
2018-02-09 12:05:15.417000,0.05214700,0.05224300,0.05214600,0.05214600,10.11300000
2018-02-09 12:06:15.417000,0.05214700,0.05229800,0.05210100,0.05214000,9.14000000
2018-02-09 12:07:15.417000,0.05215000,0.05229000,0.05214000,0.05214000,14.40600000
2018-02-09 12:08:15.417000,0.05214000,0.05228900,0.05214000,0.05214000,10.15500000
2018-02-09 12:09:15.417000,0.05214000,0.05228900,0.05189800,0.05190100,23.35800000
2018-02-09 12:10:15.417000,0.05190100,0.05227700,0.05190000,0.05210100,2.44800000
2018-02-09 12:11:15.417000,0.05210000,0.05224700,0.05190300,0.05224700,2.12000000
2018-02-09 12:12:15.417000,0.05224300,0.05228900,0.05193600,0.05194500,19.04000000
2018-02-09 12:13:15.417000,0.05224700,0.05229800,0.05196200,0.05229800,12.75800000
2018-02-09 12:14:15.417000,0.05229800,0.05229800,0.05199700,0.05228900,2.45000000
2018-02-09 12:15:15.417000,0.05228800,0.05228800,0.05205100,0.05206400,3.48800000
2018-02-09 12:16:15.417000,0.05210000,0.05227000,0.05197100,0.05227000,5.14400000
2018-02-09 12:17:15.417000,0.05227000,0.05227000,0.05210300,0.05226800,9.73400000
2018-02-09 12:18:15.417000,0.05210300,0.05228800,0.05210300,0.05211000,2.15300000
2018-02-09 12:19:15.417000,0.05211000,0.05228800,0.05211000,0.05227700,2.67600000
2018-02-09 12:20:15.417000,0.05219300,0.05227500,0.05211300,0.05211400,0.88600000
2018-02-09 12:21:15.417000,0.05211400,0.05220000,0.05197100,0.05197100,26.86700000
2018-02-09 12:22:15.417000,0.05206300,0.05206300,0.05191300,0.05205500,10.95400000
2018-02-09 12:23:15.417000,0.05205500,0.05205500,0.05191300,0.05191300,1.91400000
2018-02-09 12:24:15.417000,0.05191300,0.05205500,0.05191300,0.05200000,10.52300000
2018-02-09 12:25:15.417000,0.05200000,0.05200000,0.05191300,0.05199900,4.86100000
2018-02-09 12:26:15.417000,0.05191400,0.05199900,0.05191400,0.05191500,3.82500000
2018-02-09 12:27:15.417000,0.05191400,0.05191500,0.05191300,0.05191300,2.67600000
2018-02-09 12:28:15.417000,0.05191300,0.05191500,0.05191300,0.05191500,3.49000000
2018-02-09 12:29:15.417000,0.05191500,0.05205500,0.05191500,0.05205500,1.36100000
2018-02-09 12:30:15.417000,0.05205500,0.05220000,0.05192400,0.05193900,6.56900000
2018-02-09 12:31:15.417000,0.05193900,0.05212300,0.05193400,0.05193500,5.40500000
2018-02-09 12:32:15.417000,0.05193500,0.05193500,0.05189700,0.05189700,12.40100000
2018-02-09 12:33:15.417000,0.05190900,0.05191000,0.05189700,0.05191000,8.45700000
2018-02-09 12:34:15.417000,0.05189700,0.05190100,0.05173200,0.05173300,15.98300000
2018-02-09 12:35:15.417000,0.05173300,0.05203000,0.05170000,0.05170000,10.78200000
2018-02-09 12:36:15.417000,0.05198400,0.05198400,0.05177200,0.05197100,2.12200000
2018-02-09 12:37:15.417000,0.05191400,0.05200000,0.05191400,0.05200000,7.13700000
2018-02-09 12:38:15.417000,0.05196900,0.05197900,0.05191400,0.05191400,3.99500000
2018-02-09 12:39:15.417000,0.05191400,0.05197900,0.05191400,0.05197900,3.97700000
2018-02-09 12:40:15.417000,0.05197900,0.05197900,0.05184600,0.05184600,5.68400000
2018-02-09 12:41:15.417000,0.05184600,0.05197900,0.05170000,0.05172600,36.96700000
2018-02-09 12:42:15.417000,0.05197900,0.05197900,0.05172700,0.05194800,3.59700000
2018-02-09 12:43:15.417000,0.05193800,0.05197900,0.05174200,0.05197900,1.97900000
2018-02-09 12:44:15.417000,0.05180100,0.05193000,0.05180100,0.05193000,0.17400000
2018-02-09 12:45:15.417000,0.05192900,0.05197900,0.05192900,0.05197900,0.76800000
2018-02-09 12:46:15.417000,0.05197900,0.05197900,0.05180000,0.05197900,2.99200000
2018-02-09 12:47:15.417000,0.05197900,0.05197900,0.05181400,0.05181700,0.97000000
2018-02-09 12:48:15.417000,0.05197800,0.05197900,0.05197800,0.05197900,0.40700000
2018-02-09 12:49:15.417000,0.05181800,0.05197900,0.05180100,0.05197900,1.04000000
2018-02-09 12:50:15.417000,0.05180800,0.05197900,0.05180000,0.05180100,3.34900000
2018-02-09 12:51:15.417000,0.05197800,0.05197800,0.05180000,0.05180100,3.65300000
2018-02-09 12:52:15.417000,0.05180200,0.05197900,0.05180000,0.05197700,2.79500000
2018-02-09 12:53:15.417000,0.05180000,0.05200000,0.05180000,0.05197800,13.15900000
2018-02-09 12:54:15.417000,0.05197800,0.05200000,0.05197800,0.05199900,4.13600000
2018-02-09 12:55:15.417000,0.05199900,0.05199900,0.05197800,0.05199900,2.25700000
2018-02-09 12:56:15.417000,0.05199900,0.05200000,0.05197800,0.05200000,9.25000000
2018-02-09 12:57:15.417000,0.05197800,0.05200000,0.05180100,0.05199800,2.81100000
2018-02-09 12:58:15.417000,0.05199800,0.05200000,0.05197800,0.05197800,5.27100000
2018-02-09 12:59:15.417000,0.05197800,0.05205800,0.05197800,0.05197800,1.98000000
2018-02-09 13:00:15.417000,0.05200000,0.05210000,0.05180400,0.05180700,11.89600000
2018-02-09 13:01:15.417000,0.05209800,0.05209900,0.05209800,0.05209900,0.23400000
2018-02-09 13:02:15.417000,0.05209900,0.05209900,0.05180600,0.05180600,9.89500000
2018-02-09 13:03:15.417000,0.05180600,0.05180800,0.05180600,0.05180800,1.49100000
2018-02-09 13:04:15.417000,0.05199900,0.05208900,0.05180000,0.05208800,15.25100000
2018-02-09 13:05:15.417000,0.05208800,0.05208800,0.05208800,0.05208800,2.52700000
2018-02-09 13:06:15.417000,0.05208800,0.05208800,0.05181100,0.05182300,3.43700000
2018-02-09 13:07:15.417000,0.05208300,0.05208300,0.05183100,0.05183300,3.38700000
2018-02-09 13:08:15.417000,0.05183300,0.05206100,0.05180000,0.05180000,5.49700000
2018-02-09 13:09:15.417000,0.05180000,0.05183100,0.05180000,0.05180000,5.90900000
2018-02-09 13:10:15.417000,0.05180000,0.05181500,0.05165800,0.05165800,9.97900000
2018-02-09 13:11:15.417000,0.05164400,0.05184300,0.05164400,0.05166900,9.06100000
2018-02-09 13:12:15.417000,0.05166900,0.05184200,0.05164500,0.05184200,2.56000000
2018-02-09 13:13:15.417000,0.05184000,0.05184000,0.05184000,0.05184000,0.21500000
2018-02-09 13:14:15.417000,0.05174700,0.05184100,0.05164600,0.05164800,15.68800000
2018-02-09 13:15:15.417000,0.05164900,0.05164900,0.05164900,0.05164900,1.06400000
2018-02-09 13:16:15.417000,0.05179900,0.05180000,0.05164600,0.05180000,9.03700000
2018-02-09 13:17:15.417000,0.05182200,0.05184100,0.05182200,0.05184100,0.38400000
2018-02-09 13:18:15.417000,0.05184100,0.05207900,0.05184100,0.05186000,10.97500000
2018-02-09 13:19:15.417000,0.05186700,0.05186700,0.05165700,0.05184100,3.77600000
2018-02-09 13:20:15.417000,0.05184000,0.05184100,0.05184000,0.05184100,6.71200000
2018-02-09 13:21:15.417000,0.05184000,0.05184000,0.05169300,0.05169300,0.61900000
2018-02-09 13:22:15.417000,0.05169300,0.05183800,0.05169100,0.05183800,4.46500000
2018-02-09 13:23:15.417000,0.05183800,0.05183800,0.05171000,0.05171100,1.33100000
2018-02-09 13:24:15.417000,0.05180000,0.05180000,0.05171100,0.05171100,1.98900000
2018-02-09 13:25:15.417000,0.05179900,0.05179900,0.05171000,0.05171000,7.25800000
2018-02-09 13:26:15.417000,0.05171100,0.05171100,0.05164600,0.05166700,9.45900000
2018-02-09 13:27:15.417000,0.05164600,0.05166000,0.05164500,0.05166000,9.73500000
2018-02-09 13:28:15.417000,0.05166000,0.05166000,0.05165200,0.05166000,5.38200000
2018-02-09 13:29:15.417000,0.05164500,0.05166000,0.05155600,0.05155600,10.99100000
2018-02-09 13:30:15.417000,0.05155600,0.05166000,0.05129400,0.05164100,21.88900000
2018-02-09 13:31:15.417000,0.05141000,0.05164100,0.05141000,0.05164100,2.35100000
2018-02-09 13:32:15.417000,0.05164100,0.05164100,0.05137600,0.05143100,15.80900000
2018-02-09 13:33:15.417000,0.05143300,0.05163600,0.05129700,0.05159900,42.30200000
2018-02-09 13:34:15.417000,0.05159900,0.05159900,0.05137200,0.05138000,7.20400000
2018-02-09 13:35:15.417000,0.05138000,0.05160000,0.05131500,0.05158200,11.76900000
2018-02-09 13:36:15.417000,0.05133400,0.05157200,0.05133400,0.05156700,9.90700000
2018-02-09 13:37:15.417000,0.05156300,0.05156300,0.05134000,0.05155500,10.47900000
2018-02-09 13:38:15.417000,0.05155400,0.05160000,0.05131300,0.05160000,18.63200000
2018-02-09 13:39:15.417000,0.05134700,0.05160000,0.05132100,0.05132500,3.67700000
2018-02-09 13:40:15.417000,0.05159600,0.05160000,0.05132500,0.05160000,9.08700000
2018-02-09 13:41:15.417000,0.05160000,0.05160000,0.05160000,0.05160000,2.61400000
2018-02-09 13:42:15.417000,0.05160000,0.05160000,0.05135300,0.05160000,0.95200000
2018-02-09 13:43:15.417000,0.05159900,0.05159900,0.05159900,0.05159900,0.77200000
2018-02-09 13:44:15.417000,0.05159900,0.05160000,0.05159900,0.05159900,0.96500000
2018-02-09 13:45:15.417000,0.05150000,0.05160000,0.05150000,0.05160000,10.77200000
2018-02-09 13:46:15.417000,0.05160000,0.05160000,0.05150000,0.05160000,1.12100000
2018-02-09 13:47:15.417000,0.05150000,0.05171200,0.05133100,0.05171200,19.85500000
2018-02-09 13:48:15.417000,0.05171200,0.05171200,0.05137200,0.05167200,1.43400000
2018-02-09 13:49:15.417000,0.05166900,0.05177200,0.05145300,0.05145300,6.52000000
2018-02-09 13:50:15.417000,0.05173400,0.05173500,0.05145300,0.05173100,8.77500000
2018-02-09 13:51:15.417000,0.05172900,0.05172900,0.05140800,0.05172600,14.91200000
2018-02-09 13:52:15.417000,0.05172600,0.05172600,0.05133500,0.05133600,11.56300000
2018-02-09 13:53:15.417000,0.05169200,0.05169200,0.05135300,0.05167000,1.90700000
2018-02-09 13:54:15.417000,0.05165000,0.05167000,0.05135600,0.05167000,0.91500000
2018-02-09 13:55:15.417000,0.05167000,0.05167000,0.05167000,0.05167000,0.46900000
2018-02-09 13:56:15.417000,0.05167000,0.05210000,0.05167000,0.05167600,15.11200000
2018-02-09 13:57:15.417000,0.05167800,0.05201200,0.05167800,0.05169800,23.45500000
2018-02-09 13:58:15.417000,0.05193300,0.05193300,0.05168600,0.05171200,14.22600000
2018-02-09 13:59:15.417000,0.05186100,0.05186200,0.05139000,0.05183300,44.04800000
2018-02-09 14:00:15.417000,0.05171100,0.05182800,0.05130200,0.05130200,13.00100000
2018-02-09 14:01:15.417000,0.05130200,0.05178000,0.05116300,0.05116300,31.54400000
2018-02-09 14:02:15.417000,0.05116300,0.05166000,0.05116300,0.05116300,24.13900000
2018-02-09 14:03:15.417000,0.05116300,0.05138900,0.05112000,0.05112000,19.96200000
2018-02-09 14:04:15.417000,0.05112100,0.05162400,0.05112100,0.05133300,14.38100000
2018-02-09 14:05:15.417000,0.05122000,0.05159900,0.05113600,0.05113600,3.04700000
2018-02-09 14:06:15.417000,0.05153500,0.05153500,0.05114000,0.05133300,5.57500000
2018-02-09 14:07:15.417000,0.05133300,0.05148900,0.05111000,0.05111100,11.23900000
2018-02-09 14:08:15.417000,0.05111100,0.05148300,0.05111100,0.05144800,7.78200000
2018-02-09 14:09:15.417000,0.05115000,0.05144700,0.05111700,0.05111700,4.95700000
2018-02-09 14:10:15.417000,0.05144600,0.05144700,0.05111100,0.05144000,3.42500000
2018-02-09 14:11:15.417000,0.05144000,0.05144000,0.05112100,0.05143900,1.02100000
2018-02-09 14:12:15.417000,0.05143800,0.05143800,0.05143700,0.05143700,4.51300000
2018-02-09 14:13:15.417000,0.05143700,0.05144000,0.05143000,0.05144000,53.00500000
2018-02-09 14:14:15.417000,0.05143700,0.05144000,0.05143700,0.05143900,0.82800000
2018-02-09 14:15:15.417000,0.05143900,0.05143900,0.05143700,0.05143900,8.57800000
2018-02-09 14:16:15.417000,0.05143900,0.05144000,0.05123200,0.05144000,12.63000000
2018-02-09 14:17:15.417000,0.05144000,0.05144000,0.05144000,0.05144000,1.08500000
2018-02-09 14:18:15.417000,0.05144000,0.05144000,0.05144000,0.05144000,8.27300000
2018-02-09 14:19:15.417000,0.05144000,0.05144000,0.05120000,0.05122200,17.35800000
2018-02-09 14:20:15.417000,0.05143900,0.05160000,0.05124300,0.05160000,6.92700000
2018-02-09 14:21:15.417000,0.05144000,0.05144000,0.05127100,0.05127100,1.32600000
2018-02-09 14:22:15.417000,0.05143100,0.05160000,0.05129500,0.05158400,4.49100000
2018-02-09 14:23:15.417000,0.05132100,0.05160000,0.05132000,0.05160000,11.13100000
2018-02-09 14:24:15.417000,0.05155300,0.05166800,0.05137200,0.05166800,8.07700000
2018-02-09 14:25:15.417000,0.05166800,0.05174700,0.05143200,0.05171800,3.01900000
2018-02-09 14:26:15.417000,0.05145600,0.05167500,0.05145300,0.05167500,7.11400000
2018-02-09 14:27:15.417000,0.05167500,0.05167500,0.05142100,0.05167500,2.32500000
2018-02-09 14:28:15.417000,0.05167000,0.05167500,0.05138200,0.05138200,5.76700000
2018-02-09 14:29:15.417000,0.05138300,0.05166200,0.05129600,0.05163200,1.09700000
2018-02-09 14:30:15.417000,0.05161100,0.05161100,0.05116200,0.05131500,27.74800000
2018-02-09 14:31:15.417000,0.05111000,0.05159100,0.05111000,0.05131400,10.66600000
2018-02-09 14:32:15.417000,0.05132000,0.05132600,0.05132000,0.05132600,1.59500000
2018-02-09 14:33:15.417000,0.05132600,0.05132600,0.05132600,0.05132600,0.83600000
2018-02-09 14:34:15.417000,0.05132000,0.05132600,0.05112100,0.05132600,2.18300000
2018-02-09 14:35:15.417000,0.05132600,0.05150100,0.05113500,0.05132300,7.91800000
2018-02-09 14:36:15.417000,0.05115600,0.05147500,0.05113500,0.05114200,12.14200000
2018-02-09 14:37:15.417000,0.05115600,0.05142100,0.05114200,0.05116100,6.79100000
2018-02-09 14:38:15.417000,0.05116300,0.05139900,0.05116100,0.05136400,5.90700000
2018-02-09 14:39:15.417000,0.05136100,0.05149500,0.05115600,0.05119500,17.61200000
2018-02-09 14:40:15.417000,0.05121000,0.05121200,0.05111000,0.05112000,27.55000000
2018-02-09 14:41:15.417000,0.05112000,0.05139800,0.05112000,0.05112000,13.44400000
2018-02-09 14:42:15.417000,0.05121500,0.05121500,0.05112000,0.05112000,6.77300000
2018-02-09 14:43:15.417000,0.05117400,0.05147000,0.05112000,0.05112100,10.97100000
2018-02-09 14:44:15.417000,0.05145800,0.05145800,0.05112000,0.05112000,38.79300000
2018-02-09 14:45:15.417000,0.05112000,0.05114900,0.05111000,0.05114900,13.76100000
2018-02-09 14:46:15.417000,0.05114900,0.05114900,0.05110000,0.05110000,1.22500000
2018-02-09 14:47:15.417000,0.05110000,0.05110000,0.05109900,0.05109900,0.53800000
2018-02-09 14:48:15.417000,0.05109900,0.05109900,0.05105300,0.05105300,1.27800000
2018-02-09 14:49:15.417000,0.05105300,0.05128400,0.05105300,0.05128400,2.40700000
2018-02-09 14:50:15.417000,0.05128100,0.05142000,0.05127800,0.05141800,1.14500000
2018-02-09 14:51:15.417000,0.05141300,0.05141300,0.05108500,0.05108500,3.78500000
2018-02-09 14:52:15.417000,0.05111000,0.05127800,0.05111000,0.05127600,1.42400000
2018-02-09 14:53:15.417000,0.05112200,0.05125200,0.05112100,0.05112100,1.85800000
2018-02-09 14:54:15.417000,0.05124100,0.05129000,0.05103700,0.05103700,3.05000000
2018-02-09 14:55:15.417000,0.05103700,0.05114100,0.05079300,0.05079500,24.61000000
2018-02-09 14:56:15.417000,0.05079500,0.05113700,0.05060200,0.05060300,14.50200000
2018-02-09 14:57:15.417000,0.05060300,0.05108000,0.05060200,0.05060200,16.70400000
2018-02-09 14:58:15.417000,0.05061400,0.05107300,0.05050300,0.05052700,25.54300000
2018-02-09 14:59:15.417000,0.05052800,0.05103200,0.05050000,0.05050000,27.58300000
2018-02-09 15:00:15.417000,0.05050300,0.05096000,0.05048800,0.05085200,28.97800000
2018-02-09 15:01:15.417000,0.05052800,0.05094100,0.05051100,0.05094100,10.93500000
2018-02-09 15:02:15.417000,0.05094200,0.05104400,0.05094100,0.05101300,10.33200000
2018-02-09 15:03:15.417000,0.05094100,0.05099900,0.05094100,0.05099700,4.47400000
2018-02-09 15:04:15.417000,0.05099700,0.05100000,0.05094100,0.05094100,6.31100000
2018-02-09 15:05:15.417000,0.05100000,0.05101300,0.05100000,0.05101300,0.39200000
2018-02-09 15:06:15.417000,0.05101300,0.05109400,0.05094100,0.05094100,5.64300000
2018-02-09 15:07:15.417000,0.05094100,0.05109200,0.05079300,0.05079300,6.15100000
2018-02-09 15:08:15.417000,0.05079300,0.05104600,0.05071400,0.05089800,17.29900000
2018-02-09 15:09:15.417000,0.05072400,0.05089100,0.05050000,0.05087900,4.76600000
2018-02-09 15:10:15.417000,0.05087900,0.05088000,0.05057900,0.05088000,16.06100000
2018-02-09 15:11:15.417000,0.05088000,0.05099700,0.05087000,0.05099700,17.18400000
2018-02-09 15:12:15.417000,0.05099600,0.05099600,0.05070100,0.05071000,6.40200000
2018-02-09 15:13:15.417000,0.05072500,0.05098800,0.05059300,0.05064400,9.76900000
2018-02-09 15:14:15.417000,0.05064600,0.05109500,0.05064600,0.05076200,42.55500000
2018-02-09 15:15:15.417000,0.05076500,0.05109000,0.05076400,0.05078100,13.11300000
2018-02-09 15:16:15.417000,0.05079200,0.05108000,0.05060700,0.05063200,30.24500000
2018-02-09 15:17:15.417000,0.05063200,0.05100000,0.05060000,0.05091100,28.00900000
2018-02-09 15:18:15.417000,0.05099900,0.05100000,0.05073900,0.05100000,1.46000000
2018-02-09 15:19:15.417000,0.05100000,0.05114000,0.05066100,0.05080200,5.37400000
2018-02-09 15:20:15.417000,0.05080200,0.05113800,0.05060000,0.05068200,47.36000000
2018-02-09 15:21:15.417000,0.05068200,0.05099900,0.05060000,0.05095700,44.33600000
2018-02-09 15:22:15.417000,0.05095500,0.05100000,0.05063200,0.05070100,39.47900000
2018-02-09 15:23:15.417000,0.05070100,0.05088600,0.05060000,0.05062600,30.48600000
2018-02-09 15:24:15.417000,0.05062500,0.05095000,0.05060000,0.05070000,26.59000000
2018-02-09 15:25:15.417000,0.05070000,0.05122100,0.05070000,0.05094700,9.28700000
2018-02-09 15:26:15.417000,0.05121200,0.05121200,0.05087000,0.05087500,6.12700000
2018-02-09 15:27:15.417000,0.05087100,0.05116100,0.05074900,0.05080900,13.32100000
2018-02-09 15:28:15.417000,0.05080900,0.05111000,0.05080900,0.05082800,12.81400000
2018-02-09 15:29:15.417000,0.05082800,0.05112300,0.05082800,0.05112300,14.24700000
2018-02-09 15:30:15.417000,0.05112200,0.05112200,0.05082800,0.05082800,6.24500000
2018-02-09 15:31:15.417000,0.05082800,0.05122400,0.05071300,0.05100100,16.56400000
2018-02-09 15:32:15.417000,0.05085500,0.05118500,0.05082000,0.05113500,8.92900000
2018-02-09 15:33:15.417000,0.05082100,0.05100100,0.05082100,0.05098900,16.49100000
2018-02-09 15:34:15.417000,0.05098900,0.05118000,0.05098900,0.05117100,2.23700000
2018-02-09 15:35:15.417000,0.05117100,0.05121800,0.05088400,0.05121600,18.34400000
2018-02-09 15:36:15.417000,0.05121600,0.05122500,0.05121600,0.05122500,4.83600000
2018-02-09 15:37:15.417000,0.05122500,0.05123200,0.05085700,0.05085800,16.27600000
2018-02-09 15:38:15.417000,0.05085800,0.05120200,0.05080300,0.05112900,30.39500000
2018-02-09 15:39:15.417000,0.05080800,0.05112700,0.05080800,0.05080800,12.03700000
2018-02-09 15:40:15.417000,0.05080800,0.05106300,0.05080800,0.05080900,3.98700000
2018-02-09 15:41:15.417000,0.05082000,0.05107000,0.05080300,0.05103700,29.29800000
2018-02-09 15:42:15.417000,0.05102800,0.05103000,0.05080300,0.05098800,12.29000000
2018-02-09 15:43:15.417000,0.05110900,0.05123000,0.05090000,0.05117800,4.08700000
2018-02-09 15:44:15.417000,0.05119800,0.05123200,0.05090100,0.05121700,1.38100000
2018-02-09 15:45:15.417000,0.05118900,0.05120000,0.05098900,0.05109800,2.12700000
2018-02-09 15:46:15.417000,0.05099000,0.05120000,0.05099000,0.05120000,2.60500000
2018-02-09 15:47:15.417000,0.05120000,0.05126500,0.05120000,0.05120000,7.24300000
2018-02-09 15:48:15.417000,0.05126500,0.05126500,0.05120000,0.05120000,1.15200000
2018-02-09 15:49:15.417000,0.05126500,0.05140000,0.05121300,0.05128700,16.52600000
2018-02-09 15:50:15.417000,0.05128700,0.05128700,0.05120000,0.05120000,5.66600000
2018-02-09 15:51:15.417000,0.05120000,0.05128700,0.05120000,0.05120000,6.85400000
2018-02-09 15:52:15.417000,0.05120000,0.05128700,0.05120000,0.05120000,7.55100000
2018-02-09 15:53:15.417000,0.05128700,0.05142900,0.05120100,0.05142100,2.26700000
2018-02-09 15:54:15.417000,0.05120200,0.05143000,0.05120100,0.05120500,0.64800000
2018-02-09 15:55:15.417000,0.05120500,0.05146300,0.05120000,0.05146300,1.18800000
2018-02-09 15:56:15.417000,0.05121400,0.05142900,0.05121400,0.05142700,0.88800000
2018-02-09 15:57:15.417000,0.05125700,0.05149800,0.05101000,0.05149800,22.76700000
2018-02-09 15:58:15.417000,0.05102300,0.05145000,0.05102300,0.05127700,4.34600000
2018-02-09 15:59:15.417000,0.05124200,0.05142600,0.05113400,0.05142500,4.70000000
2018-02-09 16:00:15.417000,0.05114900,0.05115300,0.05101200,0.05101700,11.70200000
2018-02-09 16:01:15.417000,0.05101700,0.05114500,0.05101300,0.05101900,6.35500000
2018-02-09 16:02:15.417000,0.05114500,0.05114600,0.05102100,0.05114500,1.28400000
2018-02-09 16:03:15.417000,0.05114600,0.05141200,0.05102100,0.05115700,10.65600000
2018-02-09 16:04:15.417000,0.05139700,0.05139700,0.05114600,0.05115400,7.21500000
2018-02-09 16:05:15.417000,0.05131300,0.05131300,0.05115400,0.05128000,2.57900000
2018-02-09 16:06:15.417000,0.05127300,0.05127300,0.05114600,0.05126200,0.93600000
2018-02-09 16:07:15.417000,0.05126100,0.05133600,0.05120000,0.05120100,2.13700000
2018-02-09 16:08:15.417000,0.05120300,0.05149800,0.05120000,0.05121700,17.68800000
2018-02-09 16:09:15.417000,0.05139600,0.05149800,0.05125300,0.05146800,19.66000000
2018-02-09 16:10:15.417000,0.05145900,0.05145900,0.05125600,0.05125700,20.57100000
2018-02-09 16:11:15.417000,0.05125700,0.05142700,0.05125600,0.05140700,6.85300000
2018-02-09 16:12:15.417000,0.05137400,0.05137500,0.05125600,0.05130000,13.63200000
2018-02-09 16:13:15.417000,0.05125600,0.05129100,0.05125600,0.05128100,1.33400000
2018-02-09 16:14:15.417000,0.05125600,0.05126400,0.05125600,0.05125600,4.53500000
2018-02-09 16:15:15.417000,0.05125600,0.05125700,0.05125600,0.05125700,1.94000000
2018-02-09 16:16:15.417000,0.05125700,0.05125700,0.05125700,0.05125700,0.77300000
2018-02-09 16:17:15.417000,0.05125700,0.05125700,0.05125600,0.05125600,1.58000000
2018-02-09 16:18:15.417000,0.05125700,0.05125700,0.05125600,0.05125600,3.44500000
2018-02-09 16:19:15.417000,0.05125800,0.05140800,0.05125600,0.05140400,2.23000000
2018-02-09 16:20:15.417000,0.05140200,0.05140700,0.05125800,0.05140600,1.71900000
2018-02-09 16:21:15.417000,0.05132500,0.05140700,0.05120100,0.05140700,1.29400000
2018-02-09 16:22:15.417000,0.05140700,0.05140700,0.05125600,0.05126100,6.42300000
2018-02-09 16:23:15.417000,0.05126100,0.05140700,0.05120000,0.05140700,10.82900000
2018-02-09 16:24:15.417000,0.05131600,0.05145200,0.05122600,0.05145000,2.31700000
2018-02-09 16:25:15.417000,0.05124200,0.05145000,0.05122500,0.05141000,4.47800000
2018-02-09 16:26:15.417000,0.05139900,0.05139900,0.05120100,0.05120100,5.69300000
2018-02-09 16:27:15.417000,0.05120100,0.05137300,0.05114600,0.05114600,3.00300000
2018-02-09 16:28:15.417000,0.05137200,0.05137200,0.05114600,0.05137100,0.56600000
2018-02-09 16:29:15.417000,0.05137200,0.05145300,0.05137200,0.05145300,1.53900000
2018-02-09 16:30:15.417000,0.05133200,0.05137100,0.05118000,0.05127500,0.48100000
2018-02-09 16:31:15.417000,0.05127500,0.05136900,0.05117300,0.05136900,2.18600000
2018-02-09 16:32:15.417000,0.05136800,0.05145300,0.05133300,0.05145300,1.59400000
2018-02-09 16:33:15.417000,0.05125200,0.05145200,0.05115500,0.05126600,6.73400000
2018-02-09 16:34:15.417000,0.05126600,0.05143300,0.05114600,0.05115300,1.84900000
2018-02-09 16:35:15.417000,0.05139200,0.05139200,0.05114900,0.05134500,2.49800000
2018-02-09 16:36:15.417000,0.05133700,0.05141100,0.05117000,0.05120800,1.83800000
2018-02-09 16:37:15.417000,0.05121400,0.05141100,0.05121400,0.05140000,2.73700000
2018-02-09 16:38:15.417000,0.05124800,0.05140000,0.05124800,0.05125000,1.22100000
2018-02-09 16:39:15.417000,0.05139700,0.05139700,0.05124800,0.05124900,1.47800000
2018-02-09 16:40:15.417000,0.05125000,0.05139300,0.05120000,0.05120100,5.46100000
2018-02-09 16:41:15.417000,0.05120100,0.05135400,0.05120000,0.05120000,4.23100000
2018-02-09 16:42:15.417000,0.05134300,0.05134400,0.05120000,0.05120100,4.94300000
2018-02-09 16:43:15.417000,0.05120100,0.05134300,0.05120000,0.05134300,0.72600000
2018-02-09 16:44:15.417000,0.05127000,0.05134300,0.05120000,0.05120000,0.49800000
2018-02-09 16:45:15.417000,0.05134200,0.05134300,0.05134200,0.05134300,0.19400000
2018-02-09 16:46:15.417000,0.05134100,0.05134200,0.05134100,0.05134200,1.29300000
2018-02-09 16:47:15.417000,0.05120100,0.05120100,0.05120000,0.05120000,0.61300000
2018-02-09 16:48:15.417000,0.05120000,0.05120100,0.05120000,0.05120100,0.62200000
2018-02-09 16:49:15.417000,0.05127000,0.05134200,0.05121000,0.05121000,2.55900000
2018-02-09 16:50:15.417000,0.05121000,0.05134200,0.05121000,0.05134100,4.39900000
2018-02-09 16:51:15.417000,0.05134100,0.05136300,0.05121000,0.05123500,7.00000000
2018-02-09 16:52:15.417000,0.05139300,0.05141200,0.05123500,0.05141200,2.37300000
2018-02-09 16:53:15.417000,0.05141000,0.05141000,0.05123400,0.05124000,5.54000000
2018-02-09 16:54:15.417000,0.05123400,0.05143000,0.05123400,0.05142800,1.30500000
2018-02-09 16:55:15.417000,0.05142400,0.05142400,0.05121600,0.05142100,1.73100000
2018-02-09 16:56:15.417000,0.05139600,0.05142100,0.05132300,0.05142000,1.87900000
2018-02-09 16:57:15.417000,0.05132900,0.05142100,0.05121000,0.05141800,1.51600000
2018-02-09 16:58:15.417000,0.05141300,0.05142800,0.05121900,0.05129200,3.91100000
2018-02-09 16:59:15.417000,0.05129100,0.05135600,0.05122000,0.05128100,1.97000000
2018-02-09 17:00:15.417000,0.05128100,0.05136000,0.05121000,0.05136000,3.39000000
2018-02-09 17:01:15.417000,0.05139400,0.05139700,0.05122000,0.05139700,1.46400000
2018-02-09 17:02:15.417000,0.05139700,0.05142800,0.05126800,0.05142800,2.74500000
2018-02-09 17:03:15.417000,0.05142800,0.05145000,0.05126300,0.05126300,1.80200000
2018-02-09 17:04:15.417000,0.05128300,0.05145000,0.05128300,0.05145000,1.17000000
2018-02-09 17:05:15.417000,0.05145000,0.05145000,0.05124600,0.05135000,3.21900000
2018-02-09 17:06:15.417000,0.05135000,0.05139700,0.05126300,0.05133100,0.62300000
2018-02-09 17:07:15.417000,0.05139700,0.05142100,0.05124700,0.05142000,2.16400000
2018-02-09 17:08:15.417000,0.05142000,0.05142700,0.05140300,0.05142700,0.97000000
2018-02-09 17:09:15.417000,0.05142700,0.05143400,0.05125100,0.05143400,3.47600000
2018-02-09 17:10:15.417000,0.05143400,0.05143400,0.05143300,0.05143300,0.58200000
2018-02-09 17:11:15.417000,0.05143300,0.05145000,0.05125100,0.05125100,27.34900000
2018-02-09 17:12:15.417000,0.05144900,0.05145000,0.05144900,0.05145000,0.38800000
2018-02-09 17:13:15.417000,0.05145000,0.05150000,0.05129000,0.05150000,9.56900000
2018-02-09 17:14:15.417000,0.05150000,0.05153300,0.05150000,0.05153300,9.48900000
2018-02-09 17:15:15.417000,0.05150100,0.05186700,0.05150100,0.05156000,36.03900000
2018-02-09 17:16:15.417000,0.05156000,0.05203100,0.05155600,0.05192200,38.66100000
2018-02-09 17:17:15.417000,0.05160700,0.05210000,0.05160700,0.05172000,38.53200000
2018-02-09 17:18:15.417000,0.05172000,0.05215700,0.05172000,0.05200000,12.09700000
2018-02-09 17:19:15.417000,0.05187200,0.05219300,0.05180200,0.05199100,29.26600000
2018-02-09 17:20:15.417000,0.05181800,0.05199400,0.05181800,0.05185600,2.50000000
2018-02-09 17:21:15.417000,0.05185600,0.05210000,0.05185600,0.05190500,3.58600000
2018-02-09 17:22:15.417000,0.05190500,0.05190500,0.05181200,0.05189900,4.62300000
2018-02-09 17:23:15.417000,0.05185200,0.05224700,0.05185200,0.05201600,11.46500000
2018-02-09 17:24:15.417000,0.05224500,0.05224500,0.05200900,0.05201400,5.67200000
2018-02-09 17:25:15.417000,0.05200900,0.05223600,0.05200900,0.05222400,5.22500000
2018-02-09 17:26:15.417000,0.05222200,0.05222300,0.05201000,0.05201000,13.63700000
2018-02-09 17:27:15.417000,0.05201000,0.05232500,0.05201000,0.05232400,30.82800000
2018-02-09 17:28:15.417000,0.05232300,0.05240000,0.05207000,0.05210400,20.12700000
2018-02-09 17:29:15.417000,0.05210900,0.05240000,0.05210800,0.05220400,9.33500000
2018-02-09 17:30:15.417000,0.05220400,0.05240000,0.05220400,0.05230400,5.71600000
2018-02-09 17:31:15.417000,0.05230400,0.05230400,0.05220400,0.05220400,5.79200000
2018-02-09 17:32:15.417000,0.05220400,0.05240000,0.05220400,0.05240000,7.64700000
2018-02-09 17:33:15.417000,0.05240000,0.05240000,0.05220400,0.05220400,3.21500000
2018-02-09 17:34:15.417000,0.05220900,0.05240000,0.05220400,0.05238900,16.72200000
2018-02-09 17:35:15.417000,0.05220600,0.05240000,0.05220400,0.05220400,16.77800000
2018-02-09 17:36:15.417000,0.05220400,0.05222400,0.05210000,0.05210000,15.05400000
2018-02-09 17:37:15.417000,0.05210200,0.05220300,0.05201100,0.05201400,10.42300000
2018-02-09 17:38:15.417000,0.05201400,0.05239900,0.05201400,0.05234600,17.16500000
2018-02-09 17:39:15.417000,0.05210000,0.05240000,0.05210000,0.05240000,1.64900000
2018-02-09 17:40:15.417000,0.05220600,0.05237900,0.05220600,0.05221700,2.37000000
2018-02-09 17:41:15.417000,0.05234400,0.05240000,0.05222100,0.05239800,10.31500000
2018-02-09 17:42:15.417000,0.05239600,0.05240000,0.05223400,0.05223600,11.31200000
2018-02-09 17:43:15.417000,0.05225000,0.05238900,0.05222000,0.05222000,11.08200000
2018-02-09 17:44:15.417000,0.05222000,0.05237500,0.05222000,0.05237500,1.16700000
2018-02-09 17:45:15.417000,0.05237500,0.05247400,0.05223400,0.05223400,15.39600000
2018-02-09 17:46:15.417000,0.05223500,0.05245900,0.05223500,0.05243100,0.94400000
2018-02-09 17:47:15.417000,0.05226200,0.05242000,0.05225400,0.05225400,4.53500000
2018-02-09 17:48:15.417000,0.05225400,0.05225600,0.05220400,0.05225600,4.59900000
2018-02-09 17:49:15.417000,0.05220400,0.05225600,0.05210100,0.05210100,8.41400000
2018-02-09 17:50:15.417000,0.05225600,0.05225600,0.05225600,0.05225600,0.38200000
2018-02-09 17:51:15.417000,0.05225600,0.05243000,0.05225600,0.05243000,0.44600000
2018-02-09 17:52:15.417000,0.05243000,0.05245900,0.05243000,0.05245900,0.93400000
2018-02-09 17:53:15.417000,0.05245500,0.05245500,0.05245500,0.05245500,0.19000000
2018-02-09 17:54:15.417000,0.05245500,0.05245900,0.05214700,0.05217400,1.36000000
2018-02-09 17:55:15.417000,0.05241900,0.05245800,0.05216400,0.05242100,3.66100000
2018-02-09 17:56:15.417000,0.05221300,0.05242300,0.05212000,0.05213500,5.59900000
2018-02-09 17:57:15.417000,0.05213500,0.05241900,0.05210000,0.05210900,16.45600000
2018-02-09 17:58:15.417000,0.05241600,0.05241600,0.05201000,0.05201000,9.53700000
2018-02-09 17:59:15.417000,0.05205100,0.05205100,0.05204900,0.05205100,3.72100000
2018-02-09 18:00:15.417000,0.05201000,0.05205100,0.05201000,0.05201000,0.53400000
2018-02-09 18:01:15.417000,0.05205100,0.05241400,0.05205100,0.05239600,21.38200000
2018-02-09 18:02:15.417000,0.05238000,0.05239600,0.05201000,0.05234300,18.33500000
2018-02-09 18:03:15.417000,0.05234300,0.05235800,0.05210000,0.05221000,6.99200000
2018-02-09 18:04:15.417000,0.05235500,0.05235600,0.05201500,0.05201500,4.89500000
2018-02-09 18:05:15.417000,0.05233600,0.05233600,0.05230500,0.05231000,0.76400000
2018-02-09 18:06:15.417000,0.05214100,0.05214100,0.05213400,0.05213400,4.41200000
2018-02-09 18:07:15.417000,0.05213400,0.05213400,0.05213400,0.05213400,0.19100000
2018-02-09 18:08:15.417000,0.05210000,0.05214000,0.05200000,0.05214000,5.56200000
2018-02-09 18:09:15.417000,0.05214000,0.05214000,0.05213400,0.05214000,1.79600000
2018-02-09 18:10:15.417000,0.05214000,0.05214000,0.05213400,0.05213400,1.29500000
2018-02-09 18:11:15.417000,0.05213400,0.05213400,0.05155100,0.05161000,16.52600000
2018-02-09 18:12:15.417000,0.05162300,0.05210500,0.05162300,0.05174000,3.59100000
2018-02-09 18:13:15.417000,0.05209600,0.05209800,0.05174500,0.05209400,0.70100000
2018-02-09 18:14:15.417000,0.05209400,0.05209400,0.05205000,0.05205000,9.58200000
2018-02-09 18:15:15.417000,0.05210500,0.05214000,0.05200000,0.05214000,1.30500000
2018-02-09 18:16:15.417000,0.05210500,0.05214000,0.05210500,0.05214000,1.95700000
2018-02-09 18:17:15.417000,0.05210500,0.05229500,0.05210500,0.05229500,10.23300000
2018-02-09 18:18:15.417000,0.05212100,0.05212100,0.05210600,0.05212100,1.06600000
2018-02-09 18:19:15.417000,0.05212100,0.05212100,0.05210500,0.05212100,0.80700000
2018-02-09 18:20:15.417000,0.05212100,0.05225900,0.05212100,0.05225900,15.70100000
2018-02-09 18:21:15.417000,0.05225900,0.05229500,0.05203100,0.05203700,15.70800000
2018-02-09 18:22:15.417000,0.05229000,0.05229000,0.05206100,0.05227900,2.77800000
2018-02-09 18:23:15.417000,0.05208000,0.05229500,0.05208000,0.05229500,5.70900000
2018-02-09 18:24:15.417000,0.05210300,0.05220500,0.05210300,0.05220000,1.80700000
2018-02-09 18:25:15.417000,0.05220000,0.05220500,0.05220000,0.05220000,3.22500000
2018-02-09 18:26:15.417000,0.05220000,0.05220000,0.05201200,0.05220000,1.51400000
2018-02-09 18:27:15.417000,0.05220000,0.05229500,0.05203300,0.05205600,3.94000000
2018-02-09 18:28:15.417000,0.05229400,0.05229500,0.05207400,0.05207600,1.98400000
2018-02-09 18:29:15.417000,0.05209300,0.05228300,0.05201500,0.05226800,5.35800000
2018-02-09 18:30:15.417000,0.05226500,0.05257400,0.05208700,0.05213500,35.79500000
2018-02-09 18:31:15.417000,0.05214000,0.05254300,0.05214000,0.05220500,5.64500000
2018-02-09 18:32:15.417000,0.05220500,0.05249400,0.05218400,0.05225100,3.97500000
2018-02-09 18:33:15.417000,0.05244500,0.05260000,0.05224100,0.05260000,7.82500000
2018-02-09 18:34:15.417000,0.05260000,0.05260000,0.05243700,0.05260000,0.92200000
2018-02-09 18:35:15.417000,0.05260000,0.05267000,0.05245000,0.05260500,5.86800000
2018-02-09 18:36:15.417000,0.05246000,0.05267000,0.05245100,0.05267000,1.32900000
2018-02-09 18:37:15.417000,0.05266900,0.05287000,0.05266900,0.05287000,15.94000000
2018-02-09 18:38:15.417000,0.05286900,0.05286900,0.05248700,0.05285200,4.08900000
2018-02-09 18:39:15.417000,0.05285000,0.05285100,0.05270000,0.05270000,14.59700000
2018-02-09 18:40:15.417000,0.05270000,0.05278100,0.05270000,0.05278100,2.45900000
2018-02-09 18:41:15.417000,0.05278300,0.05278300,0.05255000,0.05260500,13.75800000
2018-02-09 18:42:15.417000,0.05283900,0.05283900,0.05260100,0.05260100,2.70400000
2018-02-09 18:43:15.417000,0.05260100,0.05269700,0.05260000,0.05269700,6.80600000
2018-02-09 18:44:15.417000,0.05269600,0.05270000,0.05260000,0.05270000,1.85500000
2018-02-09 18:45:15.417000,0.05260500,0.05270000,0.05260500,0.05260500,0.82600000
2018-02-09 18:46:15.417000,0.05260500,0.05270000,0.05260200,0.05260200,8.08400000
2018-02-09 18:47:15.417000,0.05270000,0.05279000,0.05260200,0.05260200,2.04300000
2018-02-09 18:48:15.417000,0.05260600,0.05278600,0.05260600,0.05278200,0.60800000
2018-02-09 18:49:15.417000,0.05278200,0.05286900,0.05266600,0.05286900,6.23300000
2018-02-09 18:50:15.417000,0.05286900,0.05287000,0.05266500,0.05286300,18.04400000
2018-02-09 18:51:15.417000,0.05267700,0.05285700,0.05267600,0.05284700,0.81500000
2018-02-09 18:52:15.417000,0.05267800,0.05267800,0.05266500,0.05266500,1.45100000
2018-02-09 18:53:15.417000,0.05270000,0.05280000,0.05270000,0.05270000,5.93300000
2018-02-09 18:54:15.417000,0.05279000,0.05284000,0.05266500,0.05266500,5.92200000
2018-02-09 18:55:15.417000,0.05281000,0.05281000,0.05266500,0.05266500,0.55600000
2018-02-09 18:56:15.417000,0.05266600,0.05280000,0.05266600,0.05280000,2.13800000
2018-02-09 18:57:15.417000,0.05280000,0.05280000,0.05280000,0.05280000,0.83800000
2018-02-09 18:58:15.417000,0.05279000,0.05279000,0.05267200,0.05278700,0.86800000
2018-02-09 18:59:15.417000,0.05266700,0.05279000,0.05266500,0.05266900,9.27600000
2018-02-09 19:00:15.417000,0.05266900,0.05267000,0.05266900,0.05267000,0.21200000
2018-02-09 19:01:15.417000,0.05278600,0.05279800,0.05266500,0.05266500,5.28100000
2018-02-09 19:02:15.417000,0.05279000,0.05279200,0.05266500,0.05266500,7.60100000
2018-02-09 19:03:15.417000,0.05278300,0.05278300,0.05278300,0.05278300,0.02200000
2018-02-09 19:04:15.417000,0.05277700,0.05280000,0.05277700,0.05280000,2.60700000
2018-02-09 19:05:15.417000,0.05279900,0.05280000,0.05278300,0.05280000,2.75700000
2018-02-09 19:06:15.417000,0.05280000,0.05280000,0.05278400,0.05280000,3.65500000
2018-02-09 19:07:15.417000,0.05280000,0.05289000,0.05278400,0.05289000,3.61800000
2018-02-09 19:08:15.417000,0.05278400,0.05290000,0.05278400,0.05278400,3.77100000
2018-02-09 19:09:15.417000,0.05274200,0.05289000,0.05270200,0.05270500,12.20100000
2018-02-09 19:10:15.417000,0.05270700,0.05270700,0.05270700,0.05270700,1.23000000
2018-02-09 19:11:15.417000,0.05280000,0.05297500,0.05275000,0.05275000,10.15100000
2018-02-09 19:12:15.417000,0.05280000,0.05299000,0.05280000,0.05285100,5.44100000
2018-02-09 19:13:15.417000,0.05285300,0.05299000,0.05285300,0.05299000,4.29800000
2018-02-09 19:14:15.417000,0.05299000,0.05334900,0.05286000,0.05334500,97.91100000
2018-02-09 19:15:15.417000,0.05329200,0.05329200,0.05271000,0.05271000,22.50100000
2018-02-09 19:16:15.417000,0.05271000,0.05305300,0.05271000,0.05304300,1.71700000
2018-02-09 19:17:15.417000,0.05299200,0.05324900,0.05274500,0.05324000,5.38200000
2018-02-09 19:18:15.417000,0.05281700,0.05317300,0.05275300,0.05280100,7.67600000
2018-02-09 19:19:15.417000,0.05280100,0.05280100,0.05270700,0.05279100,4.18300000
2018-02-09 19:20:15.417000,0.05278900,0.05278900,0.05266500,0.05266500,12.36800000
2018-02-09 19:21:15.417000,0.05266500,0.05279300,0.05260200,0.05260200,73.51100000
2018-02-09 19:22:15.417000,0.05260200,0.05277000,0.05260200,0.05260300,32.99100000
2018-02-09 19:23:15.417000,0.05260300,0.05297400,0.05260300,0.05293900,7.11500000
2018-02-09 19:24:15.417000,0.05277600,0.05300000,0.05277600,0.05300000,2.37900000
2018-02-09 19:25:15.417000,0.05300000,0.05322500,0.05290200,0.05321600,65.55000000
2018-02-09 19:26:15.417000,0.05293900,0.05321300,0.05293900,0.05299900,1.72700000
2018-02-09 19:27:15.417000,0.05299900,0.05319300,0.05293900,0.05319000,3.20100000
2018-02-09 19:28:15.417000,0.05294200,0.05318800,0.05294200,0.05316700,8.06600000
2018-02-09 19:29:15.417000,0.05314800,0.05314800,0.05295200,0.05300000,3.23300000
2018-02-09 19:30:15.417000,0.05314300,0.05315000,0.05300200,0.05314000,3.26400000
2018-02-09 19:31:15.417000,0.05300300,0.05313800,0.05300300,0.05312400,3.04800000
2018-02-09 19:32:15.417000,0.05312400,0.05322700,0.05300800,0.05322600,8.30300000
2018-02-09 19:33:15.417000,0.05322600,0.05322700,0.05302900,0.05320000,7.34200000
2018-02-09 19:34:15.417000,0.05318700,0.05318700,0.05306700,0.05317100,5.64400000
2018-02-09 19:35:15.417000,0.05317500,0.05335000,0.05317500,0.05335000,3.65700000
2018-02-09 19:36:15.417000,0.05328400,0.05344800,0.05307200,0.05344800,5.47900000
2018-02-09 19:37:15.417000,0.05344800,0.05350000,0.05336200,0.05350000,15.16400000
2018-02-09 19:38:15.417000,0.05350000,0.05350000,0.05336300,0.05336300,2.48300000
2018-02-09 19:39:15.417000,0.05348900,0.05350000,0.05339000,0.05339000,3.88800000
2018-02-09 19:40:15.417000,0.05340100,0.05350000,0.05339000,0.05339000,2.65900000
2018-02-09 19:41:15.417000,0.05350000,0.05350000,0.05339100,0.05350000,4.26900000
2018-02-09 19:42:15.417000,0.05350000,0.05365300,0.05341000,0.05341800,16.53800000
2018-02-09 19:43:15.417000,0.05364100,0.05365300,0.05343800,0.05365300,11.00300000
2018-02-09 19:44:15.417000,0.05366100,0.05400000,0.05365300,0.05389700,47.83200000
2018-02-09 19:45:15.417000,0.05389700,0.05389800,0.05365700,0.05384100,18.85900000
2018-02-09 19:46:15.417000,0.05370000,0.05393600,0.05360000,0.05367400,14.53700000
2018-02-09 19:47:15.417000,0.05367600,0.05391300,0.05341000,0.05342800,104.49000000
2018-02-09 19:48:15.417000,0.05350000,0.05386800,0.05297300,0.05301400,77.19800000
2018-02-09 19:49:15.417000,0.05301400,0.05350200,0.05297300,0.05297500,66.35300000
2018-02-09 19:50:15.417000,0.05300000,0.05328500,0.05270900,0.05276600,43.31200000
2018-02-09 19:51:15.417000,0.05276600,0.05311000,0.05264400,0.05264800,42.57000000
2018-02-09 19:52:15.417000,0.05265000,0.05307500,0.05265000,0.05279400,21.65000000
2018-02-09 19:53:15.417000,0.05305900,0.05307000,0.05279100,0.05279300,38.57700000
2018-02-09 19:54:15.417000,0.05306800,0.05307000,0.05263900,0.05297700,93.10900000
2018-02-09 19:55:15.417000,0.05300100,0.05328800,0.05297700,0.05297700,7.20700000
2018-02-09 19:56:15.417000,0.05301000,0.05320000,0.05297700,0.05298800,3.88200000
2018-02-09 19:57:15.417000,0.05299200,0.05329200,0.05276600,0.05329000,21.42900000
2018-02-09 19:58:15.417000,0.05301300,0.05329000,0.05301300,0.05329000,4.38100000
2018-02-09 19:59:15.417000,0.05329000,0.05329200,0.05304100,0.05329200,15.98700000
2018-02-09 20:00:15.417000,0.05329200,0.05340000,0.05329200,0.05340000,4.19900000
2018-02-09 20:01:15.417000,0.05340000,0.05346600,0.05310100,0.05344500,7.99900000
2018-02-09 20:02:15.417000,0.05338800,0.05338800,0.05314600,0.05338600,1.47500000
2018-02-09 20:03:15.417000,0.05316000,0.05337900,0.05316000,0.05337700,3.10400000
2018-02-09 20:04:15.417000,0.05337500,0.05337500,0.05305000,0.05305000,19.70000000
2018-02-09 20:05:15.417000,0.05335400,0.05335400,0.05310200,0.05318500,2.59300000
2018-02-09 20:06:15.417000,0.05334400,0.05337900,0.05319200,0.05337900,13.78600000
2018-02-09 20:07:15.417000,0.05337900,0.05337900,0.05310200,0.05311400,14.50200000
2018-02-09 20:08:15.417000,0.05321400,0.05321400,0.05321400,0.05321400,0.56100000
2018-02-09 20:09:15.417000,0.05321400,0.05329800,0.05312500,0.05329800,5.42400000
2018-02-09 20:10:15.417000,0.05329800,0.05337900,0.05321900,0.05329800,18.76500000
2018-02-09 20:11:15.417000,0.05329800,0.05370000,0.05322100,0.05356400,37.25800000
2018-02-09 20:12:15.417000,0.05337200,0.05349900,0.05334600,0.05338500,3.65300000
2018-02-09 20:13:15.417000,0.05335100,0.05348400,0.05324600,0.05348400,6.77400000
2018-02-09 20:14:15.417000,0.05326800,0.05347300,0.05326800,0.05347300,0.81900000
2018-02-09 20:15:15.417000,0.05347200,0.05347300,0.05330800,0.05347300,2.40600000
2018-02-09 20:16:15.417000,0.05347200,0.05347200,0.05331000,0.05331500,2.92300000
2018-02-09 20:17:15.417000,0.05346800,0.05368100,0.05331200,0.05333200,62.76900000
2018-02-09 20:18:15.417000,0.05335100,0.05367600,0.05335100,0.05367600,23.28500000
2018-02-09 20:19:15.417000,0.05358300,0.05358300,0.05336600,0.05356700,10.91200000
2018-02-09 20:20:15.417000,0.05339200,0.05355900,0.05339200,0.05355900,4.24000000
2018-02-09 20:21:15.417000,0.05339800,0.05355900,0.05339800,0.05355900,3.02900000
2018-02-09 20:22:15.417000,0.05340200,0.05355900,0.05340000,0.05355600,8.99200000
2018-02-09 20:23:15.417000,0.05340000,0.05354700,0.05340000,0.05340000,11.19300000
2018-02-09 20:24:15.417000,0.05340000,0.05355000,0.05340000,0.05355000,13.03800000
2018-02-09 20:25:15.417000,0.05355000,0.05365000,0.05341000,0.05356000,27.07500000
2018-02-09 20:26:15.417000,0.05356000,0.05356200,0.05344300,0.05356100,35.22700000
2018-02-09 20:27:15.417000,0.05356100,0.05364900,0.05356100,0.05356300,2.33100000
2018-02-09 20:28:15.417000,0.05364400,0.05364400,0.05344800,0.05345100,6.61400000
2018-02-09 20:29:15.417000,0.05345100,0.05355800,0.05345100,0.05355800,2.26600000
2018-02-09 20:30:15.417000,0.05354600,0.05354600,0.05345200,0.05345200,2.49600000
2018-02-09 20:31:15.417000,0.05345200,0.05351000,0.05344400,0.05350000,1.68000000
2018-02-09 20:32:15.417000,0.05344400,0.05349400,0.05344400,0.05344400,1.79700000
2018-02-09 20:33:15.417000,0.05344400,0.05350800,0.05344400,0.05347000,1.37500000
2018-02-09 20:34:15.417000,0.05347000,0.05350800,0.05343100,0.05350700,17.60900000
2018-02-09 20:35:15.417000,0.05345000,0.05350800,0.05343100,0.05350800,33.50800000
2018-02-09 20:36:15.417000,0.05350700,0.05350800,0.05344400,0.05344400,0.83100000
2018-02-09 20:37:15.417000,0.05350800,0.05350800,0.05350800,0.05350800,1.91000000
2018-02-09 20:38:15.417000,0.05345000,0.05350800,0.05343100,0.05350800,4.04800000
2018-02-09 20:39:15.417000,0.05350800,0.05350800,0.05343100,0.05343100,22.01100000
2018-02-09 20:40:15.417000,0.05350000,0.05350000,0.05343100,0.05343100,4.36300000
2018-02-09 20:41:15.417000,0.05343100,0.05350800,0.05343100,0.05343100,11.50500000
2018-02-09 20:42:15.417000,0.05350700,0.05364400,0.05343100,0.05363400,2.66000000
2018-02-09 20:43:15.417000,0.05344300,0.05359700,0.05343100,0.05343100,7.45400000
2018-02-09 20:44:15.417000,0.05343500,0.05343600,0.05343000,0.05343000,11.03300000
2018-02-09 20:45:15.417000,0.05343000,0.05343000,0.05340500,0.05343000,2.71900000
2018-02-09 20:46:15.417000,0.05343100,0.05358700,0.05343000,0.05358700,2.73300000
2018-02-09 20:47:15.417000,0.05343400,0.05346900,0.05343000,0.05344200,3.56500000
2018-02-09 20:48:15.417000,0.05343300,0.05347000,0.05343000,0.05343000,18.20500000
2018-02-09 20:49:15.417000,0.05343000,0.05348000,0.05321100,0.05344900,15.73400000
2018-02-09 20:50:15.417000,0.05321100,0.05343500,0.05321100,0.05322600,3.38000000
2018-02-09 20:51:15.417000,0.05322400,0.05357700,0.05322400,0.05346300,2.70200000
2018-02-09 20:52:15.417000,0.05345800,0.05355800,0.05326700,0.05329700,4.29500000
2018-02-09 20:53:15.417000,0.05330100,0.05331000,0.05321500,0.05330100,27.61500000
2018-02-09 20:54:15.417000,0.05330100,0.05351700,0.05321900,0.05322200,2.41100000
2018-02-09 20:55:15.417000,0.05339100,0.05339200,0.05321500,0.05321500,3.21400000
2018-02-09 20:56:15.417000,0.05322100,0.05322400,0.05322100,0.05322400,1.44200000
2018-02-09 20:57:15.417000,0.05322200,0.05322200,0.05321500,0.05321700,7.87400000
2018-02-09 20:58:15.417000,0.05321700,0.05355800,0.05321200,0.05323800,12.88500000
2018-02-09 20:59:15.417000,0.05325300,0.05352100,0.05325300,0.05326700,0.73600000
2018-02-09 21:00:15.417000,0.05327100,0.05349100,0.05327100,0.05327600,2.52300000
2018-02-09 21:01:15.417000,0.05327700,0.05346100,0.05293700,0.05300000,87.91400000
2018-02-09 21:02:15.417000,0.05293700,0.05300000,0.05280000,0.05299700,4.93300000
2018-02-09 21:03:15.417000,0.05280400,0.05299600,0.05263800,0.05264100,4.13500000
2018-02-09 21:04:15.417000,0.05264200,0.05297000,0.05260000,0.05260000,4.70800000
2018-02-09 21:05:15.417000,0.05275200,0.05299100,0.05275000,0.05299100,3.40800000
2018-02-09 21:06:15.417000,0.05299000,0.05299300,0.05299000,0.05299200,15.44100000
2018-02-09 21:07:15.417000,0.05299100,0.05300000,0.05283600,0.05300000,35.61100000
2018-02-09 21:08:15.417000,0.05300000,0.05300000,0.05283600,0.05283800,11.38800000
2018-02-09 21:09:15.417000,0.05283800,0.05300000,0.05283600,0.05283600,28.47000000
2018-02-09 21:10:15.417000,0.05283700,0.05283700,0.05283600,0.05283600,0.33200000
2018-02-09 21:11:15.417000,0.05283700,0.05299900,0.05283700,0.05283700,3.15400000
2018-02-09 21:12:15.417000,0.05285000,0.05299900,0.05247100,0.05262000,30.74200000
2018-02-09 21:13:15.417000,0.05264400,0.05285700,0.05264400,0.05264600,1.86000000
2018-02-09 21:14:15.417000,0.05283200,0.05327000,0.05283200,0.05326000,22.78800000
2018-02-09 21:15:15.417000,0.05325600,0.05325600,0.05300000,0.05318000,1.35600000
2018-02-09 21:16:15.417000,0.05317500,0.05317500,0.05271400,0.05309500,2.62700000
2018-02-09 21:17:15.417000,0.05306500,0.05306500,0.05279600,0.05302700,3.49100000
2018-02-09 21:18:15.417000,0.05299700,0.05307200,0.05299700,0.05302800,5.59800000
2018-02-09 21:19:15.417000,0.05307100,0.05307200,0.05302900,0.05307200,3.29100000
2018-02-09 21:20:15.417000,0.05307200,0.05312000,0.05302900,0.05312000,3.87400000
2018-02-09 21:21:15.417000,0.05312000,0.05312000,0.05312000,0.05312000,0.42900000
2018-02-09 21:22:15.417000,0.05312000,0.05312000,0.05312000,0.05312000,3.14800000
2018-02-09 21:23:15.417000,0.05312000,0.05312000,0.05312000,0.05312000,2.29800000
2018-02-09 21:24:15.417000,0.05310000,0.05312000,0.05310000,0.05312000,3.42400000
2018-02-09 21:25:15.417000,0.05312000,0.05312000,0.05302900,0.05302900,0.82400000
2018-02-09 21:26:15.417000,0.05311900,0.05312000,0.05302900,0.05302900,1.46900000
2018-02-09 21:27:15.417000,0.05302900,0.05312000,0.05302900,0.05302900,5.61900000
2018-02-09 21:28:15.417000,0.05311900,0.05312000,0.05305000,0.05305000,4.85000000
2018-02-09 21:29:15.417000,0.05311900,0.05312000,0.05311900,0.05312000,0.94000000
2018-02-09 21:30:15.417000,0.05312000,0.05312000,0.05311900,0.05312000,6.73700000
2018-02-09 21:31:15.417000,0.05312000,0.05349800,0.05312000,0.05349800,2.66400000
2018-02-09 21:32:15.417000,0.05347700,0.05347700,0.05346200,0.05346200,1.12000000
2018-02-09 21:33:15.417000,0.05345900,0.05347200,0.05311900,0.05339900,17.42300000
2018-02-09 21:34:15.417000,0.05339800,0.05339800,0.05334900,0.05339600,1.37400000
2018-02-09 21:35:15.417000,0.05334500,0.05339900,0.05334500,0.05339600,1.28500000
2018-02-09 21:36:15.417000,0.05319500,0.05319500,0.05319200,0.05319300,0.41600000
2018-02-09 21:37:15.417000,0.05338200,0.05338200,0.05336700,0.05338200,1.94700000
2018-02-09 21:38:15.417000,0.05337900,0.05339200,0.05312600,0.05317300,1.77900000
2018-02-09 21:39:15.417000,0.05317100,0.05338500,0.05312600,0.05338000,5.01800000
2018-02-09 21:40:15.417000,0.05338000,0.05338000,0.05337400,0.05337400,1.06500000
2018-02-09 21:41:15.417000,0.05337400,0.05337400,0.05316800,0.05317200,0.88900000
2018-02-09 21:42:15.417000,0.05317400,0.05336200,0.05317400,0.05335100,1.27100000
2018-02-09 21:43:15.417000,0.05316500,0.05335900,0.05314900,0.05335900,6.64700000
2018-02-09 21:44:15.417000,0.05335800,0.05335900,0.05316700,0.05335000,1.28200000
2018-02-09 21:45:15.417000,0.05335100,0.05335700,0.05333000,0.05333600,5.90700000
2018-02-09 21:46:15.417000,0.05333600,0.05350000,0.05333600,0.05350000,8.56300000
2018-02-09 21:47:15.417000,0.05350000,0.05350000,0.05333600,0.05349600,2.38500000
2018-02-09 21:48:15.417000,0.05333600,0.05346300,0.05319700,0.05345900,4.01700000
2018-02-09 21:49:15.417000,0.05322700,0.05345800,0.05322100,0.05345600,1.50600000
2018-02-09 21:50:15.417000,0.05342500,0.05345800,0.05323100,0.05342500,7.12500000
2018-02-09 21:51:15.417000,0.05342500,0.05345700,0.05323200,0.05324700,1.87500000
2018-02-09 21:52:15.417000,0.05324700,0.05349500,0.05323100,0.05323300,18.48700000
2018-02-09 21:53:15.417000,0.05324700,0.05350000,0.05324700,0.05348500,3.01400000
2018-02-09 21:54:15.417000,0.05348500,0.05348500,0.05348500,0.05348500,5.52200000
2018-02-09 21:55:15.417000,0.05348500,0.05348500,0.05348400,0.05348400,2.12600000
2018-02-09 21:56:15.417000,0.05348400,0.05348400,0.05335000,0.05348400,1.01000000
2018-02-09 21:57:15.417000,0.05348400,0.05348400,0.05337000,0.05348400,2.18400000
2018-02-09 21:58:15.417000,0.05348400,0.05348400,0.05332400,0.05348300,3.04000000
2018-02-09 21:59:15.417000,0.05348300,0.05348500,0.05344000,0.05344000,9.79800000
2018-02-09 22:00:15.417000,0.05344000,0.05350000,0.05344000,0.05349000,5.97700000
2018-02-09 22:01:15.417000,0.05348500,0.05352000,0.05342500,0.05352000,1.92200000
2018-02-09 22:02:15.417000,0.05352000,0.05358600,0.05350500,0.05358600,1.19500000
2018-02-09 22:03:15.417000,0.05352600,0.05358600,0.05348300,0.05348400,0.87600000
2018-02-09 22:04:15.417000,0.05348400,0.05358600,0.05348400,0.05348600,1.25400000
2018-02-09 22:05:15.417000,0.05348600,0.05370000,0.05348400,0.05348800,5.51200000
2018-02-09 22:06:15.417000,0.05349000,0.05370000,0.05349000,0.05350600,4.63700000
2018-02-09 22:07:15.417000,0.05369900,0.05369900,0.05348400,0.05348600,1.60900000
2018-02-09 22:08:15.417000,0.05348500,0.05367100,0.05348500,0.05359900,1.22000000
2018-02-09 22:09:15.417000,0.05359900,0.05370000,0.05351000,0.05370000,2.65800000
2018-02-09 22:10:15.417000,0.05369900,0.05379700,0.05369900,0.05379700,3.36200000
2018-02-09 22:11:15.417000,0.05379700,0.05387200,0.05370900,0.05379700,8.04200000
2018-02-09 22:12:15.417000,0.05386800,0.05400000,0.05379700,0.05400000,12.93200000
2018-02-09 22:13:15.417000,0.05385200,0.05399400,0.05379800,0.05380100,2.44300000
2018-02-09 22:14:15.417000,0.05380300,0.05399900,0.05380100,0.05399900,2.63300000
2018-02-09 22:15:15.417000,0.05396000,0.05396000,0.05370100,0.05388700,9.45000000
2018-02-09 22:16:15.417000,0.05388700,0.05400000,0.05380000,0.05400000,10.24700000
2018-02-09 22:17:15.417000,0.05400000,0.05400000,0.05388700,0.05400000,1.65600000
2018-02-09 22:18:15.417000,0.05400000,0.05400000,0.05390000,0.05390000,11.15300000
2018-02-09 22:19:15.417000,0.05390000,0.05403600,0.05390000,0.05390100,37.65400000
2018-02-09 22:20:15.417000,0.05390100,0.05413200,0.05390000,0.05390000,17.75500000
2018-02-09 22:21:15.417000,0.05390700,0.05412600,0.05390700,0.05410700,1.87900000
2018-02-09 22:22:15.417000,0.05400000,0.05400000,0.05392100,0.05399900,1.97600000
2018-02-09 22:23:15.417000,0.05399900,0.05400000,0.05399900,0.05400000,3.67300000
2018-02-09 22:24:15.417000,0.05400000,0.05413400,0.05392100,0.05413400,12.81300000
2018-02-09 22:25:15.417000,0.05413400,0.05417500,0.05400400,0.05413200,21.61100000
2018-02-09 22:26:15.417000,0.05413200,0.05417500,0.05413200,0.05417500,3.53000000
2018-02-09 22:27:15.417000,0.05417500,0.05428900,0.05413300,0.05428900,3.76200000
2018-02-09 22:28:15.417000,0.05428900,0.05428900,0.05417600,0.05428900,2.00500000
2018-02-09 22:29:15.417000,0.05428800,0.05429300,0.05417500,0.05428900,12.97000000
2018-02-09 22:30:15.417000,0.05428900,0.05430100,0.05428900,0.05430100,37.21700000
2018-02-09 22:31:15.417000,0.05430100,0.05443700,0.05430100,0.05443700,7.92100000
2018-02-09 22:32:15.417000,0.05443600,0.05460000,0.05431800,0.05434900,27.65400000
2018-02-09 22:33:15.417000,0.05459600,0.05467300,0.05435400,0.05435800,94.69700000
2018-02-09 22:34:15.417000,0.05435800,0.05466700,0.05435800,0.05462800,7.91200000
2018-02-09 22:35:15.417000,0.05462500,0.05471900,0.05440300,0.05450300,7.20600000
2018-02-09 22:36:15.417000,0.05460000,0.05472900,0.05455100,0.05467900,11.52300000
2018-02-09 22:37:15.417000,0.05467900,0.05474000,0.05467900,0.05470000,34.85400000
2018-02-09 22:38:15.417000,0.05470000,0.05480000,0.05470000,0.05470000,55.57100000
2018-02-09 22:39:15.417000,0.05470000,0.05480000,0.05468000,0.05468000,52.82700000
2018-02-09 22:40:15.417000,0.05479900,0.05480000,0.05468000,0.05468000,12.01000000
2018-02-09 22:41:15.417000,0.05479900,0.05488900,0.05469300,0.05488900,11.44600000
2018-02-09 22:42:15.417000,0.05488900,0.05488900,0.05475200,0.05488800,3.81200000
2018-02-09 22:43:15.417000,0.05488800,0.05488800,0.05477700,0.05488700,12.39100000
2018-02-09 22:44:15.417000,0.05488700,0.05489900,0.05486100,0.05488400,10.10700000
2018-02-09 22:45:15.417000,0.05489900,0.05490000,0.05477700,0.05489900,17.68200000
2018-02-09 22:46:15.417000,0.05489900,0.05490000,0.05478400,0.05490000,23.94500000
2018-02-09 22:47:15.417000,0.05490000,0.05494500,0.05490000,0.05494500,13.28800000
2018-02-09 22:48:15.417000,0.05494400,0.05500000,0.05490400,0.05500000,9.51500000
2018-02-09 22:49:15.417000,0.05500000,0.05500000,0.05494700,0.05499900,14.54500000
2018-02-09 22:50:15.417000,0.05494800,0.05500000,0.05494500,0.05500000,48.19700000
2018-02-09 22:51:15.417000,0.05499600,0.05500000,0.05499600,0.05500000,16.17700000
2018-02-09 22:52:15.417000,0.05500000,0.05500000,0.05494500,0.05494500,115.31000000
2018-02-09 22:53:15.417000,0.05494500,0.05499700,0.05490000,0.05490500,7.93200000
2018-02-09 22:54:15.417000,0.05499600,0.05499700,0.05490000,0.05490000,9.54500000
2018-02-09 22:55:15.417000,0.05499700,0.05499700,0.05490000,0.05490000,18.67200000
2018-02-09 22:56:15.417000,0.05490200,0.05500000,0.05490200,0.05500000,24.58800000
2018-02-09 22:57:15.417000,0.05500000,0.05500000,0.05492300,0.05500000,30.50000000
2018-02-09 22:58:15.417000,0.05499900,0.05510000,0.05490000,0.05510000,33.92100000
2018-02-09 22:59:15.417000,0.05510000,0.05510000,0.05505000,0.05506100,4.81400000
2018-02-09 23:00:15.417000,0.05510000,0.05512000,0.05507500,0.05508000,6.96700000
2018-02-09 23:01:15.417000,0.05508000,0.05511800,0.05507500,0.05511500,4.62400000
2018-02-09 23:02:15.417000,0.05510000,0.05510000,0.05507500,0.05510000,4.20300000
2018-02-09 23:03:15.417000,0.05510000,0.05511500,0.05505000,0.05505000,18.65500000
2018-02-09 23:04:15.417000,0.05510000,0.05512000,0.05492300,0.05512000,20.85600000
2018-02-09 23:05:15.417000,0.05512000,0.05512000,0.05511500,0.05511500,15.16400000
2018-02-09 23:06:15.417000,0.05511500,0.05516400,0.05511500,0.05512000,6.38500000
2018-02-09 23:07:15.417000,0.05512000,0.05515900,0.05492400,0.05492400,3.24100000
2018-02-09 23:08:15.417000,0.05492400,0.05499800,0.05475500,0.05483100,32.21500000
2018-02-09 23:09:15.417000,0.05483100,0.05487500,0.05483100,0.05483100,66.70200000
2018-02-09 23:10:15.417000,0.05483100,0.05487200,0.05460000,0.05460000,33.27400000
2018-02-09 23:11:15.417000,0.05460000,0.05486100,0.05460000,0.05460000,66.08100000
2018-02-09 23:12:15.417000,0.05460000,0.05482000,0.05453000,0.05455900,56.39400000
2018-02-09 23:13:15.417000,0.05479900,0.05480000,0.05440300,0.05476900,28.55400000
2018-02-09 23:14:15.417000,0.05480900,0.05515200,0.05450800,0.05514500,23.40700000
2018-02-09 23:15:15.417000,0.05487200,0.05514300,0.05487200,0.05508800,5.67600000
2018-02-09 23:16:15.417000,0.05508600,0.05508600,0.05491600,0.05506900,0.66400000
2018-02-09 23:17:15.417000,0.05505900,0.05505900,0.05480900,0.05480900,23.55800000
2018-02-09 23:18:15.417000,0.05502700,0.05502900,0.05480300,0.05481000,5.45600000
2018-02-09 23:19:15.417000,0.05480300,0.05500000,0.05480300,0.05489000,8.07200000
2018-02-09 23:20:15.417000,0.05489000,0.05500000,0.05489000,0.05499000,8.20500000
2018-02-09 23:21:15.417000,0.05499000,0.05499000,0.05486200,0.05495000,5.52900000
2018-02-09 23:22:15.417000,0.05495000,0.05495000,0.05460000,0.05470000,13.08000000
2018-02-09 23:23:15.417000,0.05483100,0.05495000,0.05483100,0.05483100,5.98500000
2018-02-09 23:24:15.417000,0.05495000,0.05495000,0.05495000,0.05495000,2.99800000
2018-02-09 23:25:15.417000,0.05483100,0.05495000,0.05483100,0.05495000,0.80600000
2018-02-09 23:26:15.417000,0.05495000,0.05495000,0.05494000,0.05494900,3.42900000
2018-02-09 23:27:15.417000,0.05495000,0.05500000,0.05483700,0.05500000,7.89600000
2018-02-09 23:28:15.417000,0.05483400,0.05510800,0.05483400,0.05510800,12.16000000
2018-02-09 23:29:15.417000,0.05501900,0.05510800,0.05484400,0.05508500,14.68400000
2018-02-09 23:30:15.417000,0.05507300,0.05508500,0.05484500,0.05508500,11.77200000
2018-02-09 23:31:15.417000,0.05500000,0.05500000,0.05484500,0.05484500,1.03500000
2018-02-09 23:32:15.417000,0.05499700,0.05499700,0.05483600,0.05483600,5.51100000
2018-02-09 23:33:15.417000,0.05484700,0.05516400,0.05484700,0.05500000,17.32100000
2018-02-09 23:34:15.417000,0.05500100,0.05514000,0.05480000,0.05490000,28.97400000
2018-02-09 23:35:15.417000,0.05505200,0.05505200,0.05448800,0.05448800,50.15900000
2018-02-09 23:36:15.417000,0.05496000,0.05496000,0.05450400,0.05492400,14.14300000
2018-02-09 23:37:15.417000,0.05491900,0.05500000,0.05450200,0.05468700,41.50900000
2018-02-09 23:38:15.417000,0.05454400,0.05500000,0.05454400,0.05469300,19.34000000
2018-02-09 23:39:15.417000,0.05469200,0.05482300,0.05388600,0.05449500,56.53800000
2018-02-09 23:40:15.417000,0.05449300,0.05449600,0.05403400,0.05407400,3.70200000
2018-02-09 23:41:15.417000,0.05448100,0.05449500,0.05410900,0.05447400,14.93800000
2018-02-09 23:42:15.417000,0.05447400,0.05478500,0.05447400,0.05447600,2.21100000
2018-02-09 23:43:15.417000,0.05454900,0.05477900,0.05454900,0.05477500,20.67600000
2018-02-09 23:44:15.417000,0.05474100,0.05481500,0.05456200,0.05456200,2.09100000
2018-02-09 23:45:15.417000,0.05477200,0.05477300,0.05456300,0.05474100,1.91700000
2018-02-09 23:46:15.417000,0.05477400,0.05477400,0.05454900,0.05470000,3.78900000
2018-02-09 23:47:15.417000,0.05470000,0.05470000,0.05447500,0.05452600,2.37800000
2018-02-09 23:48:15.417000,0.05468800,0.05477400,0.05453400,0.05475600,44.50200000
2018-02-09 23:49:15.417000,0.05475600,0.05475600,0.05462000,0.05462100,11.30500000
2018-02-09 23:50:15.417000,0.05462000,0.05475300,0.05462000,0.05475300,17.15900000
2018-02-09 23:51:15.417000,0.05475300,0.05475300,0.05462000,0.05475300,2.33500000
2018-02-09 23:52:15.417000,0.05475300,0.05475300,0.05462000,0.05462000,7.08800000
2018-02-09 23:53:15.417000,0.05475200,0.05475300,0.05462000,0.05475300,4.33200000
2018-02-09 23:54:15.417000,0.05457900,0.05475300,0.05447500,0.05447500,8.24000000
2018-02-09 23:55:15.417000,0.05457700,0.05469000,0.05447500,0.05469000,2.12400000
2018-02-09 23:56:15.417000,0.05456200,0.05469000,0.05445900,0.05467100,3.36500000
2018-02-09 23:57:15.417000,0.05467000,0.05469000,0.05435300,0.05467300,6.01100000
2018-02-09 23:58:15.417000,0.05466700,0.05466700,0.05438400,0.05465300,1.03100000
2018-02-09 23:59:15.417000,0.05465100,0.05465500,0.05439300,0.05441900,3.23100000
